2024-09-11 06:41:24 startup archives install
2024-09-11 06:41:24 install base-passwd:amd64 <none> 3.5.52build1
2024-09-11 06:41:24 status half-installed base-passwd:amd64 3.5.52build1
2024-09-11 06:41:24 status unpacked base-passwd:amd64 3.5.52build1
2024-09-11 06:41:24 configure base-passwd:amd64 3.5.52build1 3.5.52build1
2024-09-11 06:41:24 status half-configured base-passwd:amd64 3.5.52build1
2024-09-11 06:41:24 status installed base-passwd:amd64 3.5.52build1
2024-09-11 06:41:24 startup archives install
2024-09-11 06:41:24 install base-files:amd64 <none> 12ubuntu4
2024-09-11 06:41:24 status half-installed base-files:amd64 12ubuntu4
2024-09-11 06:41:24 status unpacked base-files:amd64 12ubuntu4
2024-09-11 06:41:24 configure base-files:amd64 12ubuntu4 12ubuntu4
2024-09-11 06:41:24 status half-configured base-files:amd64 12ubuntu4
2024-09-11 06:41:24 status installed base-files:amd64 12ubuntu4
2024-09-11 06:41:24 startup archives install
2024-09-11 06:41:24 upgrade dpkg 1.21.1ubuntu2 1.21.1ubuntu2
2024-09-11 06:41:24 status half-configured dpkg 1.21.1ubuntu2
2024-09-11 06:41:24 status unpacked dpkg 1.21.1ubuntu2
2024-09-11 06:41:24 status half-installed dpkg 1.21.1ubuntu2
2024-09-11 06:41:25 status unpacked dpkg:amd64 1.21.1ubuntu2
2024-09-11 06:41:25 configure dpkg:amd64 1.21.1ubuntu2 1.21.1ubuntu2
2024-09-11 06:41:25 status half-configured dpkg:amd64 1.21.1ubuntu2
2024-09-11 06:41:25 status installed dpkg:amd64 1.21.1ubuntu2
2024-09-11 06:41:25 startup archives install
2024-09-11 06:41:25 install libc6:amd64 <none> 2.35-0ubuntu3
2024-09-11 06:41:25 status half-installed libc6:amd64 2.35-0ubuntu3
2024-09-11 06:41:25 status unpacked libc6:amd64 2.35-0ubuntu3
2024-09-11 06:41:25 configure libc6:amd64 2.35-0ubuntu3 2.35-0ubuntu3
2024-09-11 06:41:25 status half-configured libc6:amd64 2.35-0ubuntu3
2024-09-11 06:41:25 status installed libc6:amd64 2.35-0ubuntu3
2024-09-11 06:41:25 startup archives install
2024-09-11 06:41:25 install perl-base:amd64 <none> 5.34.0-3ubuntu1
2024-09-11 06:41:25 status half-installed perl-base:amd64 5.34.0-3ubuntu1
2024-09-11 06:41:25 status unpacked perl-base:amd64 5.34.0-3ubuntu1
2024-09-11 06:41:25 configure perl-base:amd64 5.34.0-3ubuntu1 5.34.0-3ubuntu1
2024-09-11 06:41:25 status half-configured perl-base:amd64 5.34.0-3ubuntu1
2024-09-11 06:41:25 status installed perl-base:amd64 5.34.0-3ubuntu1
2024-09-11 06:41:25 startup archives install
2024-09-11 06:41:25 install mawk:amd64 <none> 1.3.4.20200120-3
2024-09-11 06:41:25 status half-installed mawk:amd64 1.3.4.20200120-3
2024-09-11 06:41:25 status unpacked mawk:amd64 1.3.4.20200120-3
2024-09-11 06:41:25 configure mawk:amd64 1.3.4.20200120-3 1.3.4.20200120-3
2024-09-11 06:41:25 status half-configured mawk:amd64 1.3.4.20200120-3
2024-09-11 06:41:25 status installed mawk:amd64 1.3.4.20200120-3
2024-09-11 06:41:25 startup archives unpack
2024-09-11 06:41:25 upgrade base-files:amd64 12ubuntu4 12ubuntu4
2024-09-11 06:41:25 status half-configured base-files:amd64 12ubuntu4
2024-09-11 06:41:25 status unpacked base-files:amd64 12ubuntu4
2024-09-11 06:41:25 status half-installed base-files:amd64 12ubuntu4
2024-09-11 06:41:25 status unpacked base-files:amd64 12ubuntu4
2024-09-11 06:41:25 upgrade base-passwd:amd64 3.5.52build1 3.5.52build1
2024-09-11 06:41:25 status half-configured base-passwd:amd64 3.5.52build1
2024-09-11 06:41:25 status unpacked base-passwd:amd64 3.5.52build1
2024-09-11 06:41:25 status half-installed base-passwd:amd64 3.5.52build1
2024-09-11 06:41:25 status unpacked base-passwd:amd64 3.5.52build1
2024-09-11 06:41:25 install bash:amd64 <none> 5.1-6ubuntu1
2024-09-11 06:41:25 status half-installed bash:amd64 5.1-6ubuntu1
2024-09-11 06:41:25 status unpacked bash:amd64 5.1-6ubuntu1
2024-09-11 06:41:25 install bsdutils:amd64 <none> 1:2.37.2-4ubuntu3
2024-09-11 06:41:25 status half-installed bsdutils:amd64 1:2.37.2-4ubuntu3
2024-09-11 06:41:25 status unpacked bsdutils:amd64 1:2.37.2-4ubuntu3
2024-09-11 06:41:25 install coreutils:amd64 <none> 8.32-4.1ubuntu1
2024-09-11 06:41:25 status half-installed coreutils:amd64 8.32-4.1ubuntu1
2024-09-11 06:41:25 status unpacked coreutils:amd64 8.32-4.1ubuntu1
2024-09-11 06:41:25 install dash:amd64 <none> 0.5.11+git20210903+057cd650a4ed-3build1
2024-09-11 06:41:25 status half-installed dash:amd64 0.5.11+git20210903+057cd650a4ed-3build1
2024-09-11 06:41:25 status unpacked dash:amd64 0.5.11+git20210903+057cd650a4ed-3build1
2024-09-11 06:41:26 install debconf:all <none> 1.5.79ubuntu1
2024-09-11 06:41:26 status half-installed debconf:all 1.5.79ubuntu1
2024-09-11 06:41:26 status unpacked debconf:all 1.5.79ubuntu1
2024-09-11 06:41:26 install debianutils:amd64 <none> 5.5-1ubuntu2
2024-09-11 06:41:26 status half-installed debianutils:amd64 5.5-1ubuntu2
2024-09-11 06:41:26 status unpacked debianutils:amd64 5.5-1ubuntu2
2024-09-11 06:41:26 install diffutils:amd64 <none> 1:3.8-0ubuntu2
2024-09-11 06:41:26 status half-installed diffutils:amd64 1:3.8-0ubuntu2
2024-09-11 06:41:26 status unpacked diffutils:amd64 1:3.8-0ubuntu2
2024-09-11 06:41:26 upgrade dpkg:amd64 1.21.1ubuntu2 1.21.1ubuntu2
2024-09-11 06:41:26 status half-configured dpkg:amd64 1.21.1ubuntu2
2024-09-11 06:41:26 status unpacked dpkg:amd64 1.21.1ubuntu2
2024-09-11 06:41:26 status half-installed dpkg:amd64 1.21.1ubuntu2
2024-09-11 06:41:26 status unpacked dpkg:amd64 1.21.1ubuntu2
2024-09-11 06:41:26 install e2fsprogs:amd64 <none> 1.46.5-2ubuntu1
2024-09-11 06:41:26 status half-installed e2fsprogs:amd64 1.46.5-2ubuntu1
2024-09-11 06:41:26 status unpacked e2fsprogs:amd64 1.46.5-2ubuntu1
2024-09-11 06:41:26 install findutils:amd64 <none> 4.8.0-1ubuntu3
2024-09-11 06:41:26 status half-installed findutils:amd64 4.8.0-1ubuntu3
2024-09-11 06:41:26 status unpacked findutils:amd64 4.8.0-1ubuntu3
2024-09-11 06:41:26 install gcc-12-base:amd64 <none> 12-20220319-1ubuntu1
2024-09-11 06:41:26 status half-installed gcc-12-base:amd64 12-20220319-1ubuntu1
2024-09-11 06:41:26 status unpacked gcc-12-base:amd64 12-20220319-1ubuntu1
2024-09-11 06:41:26 install grep:amd64 <none> 3.7-1build1
2024-09-11 06:41:26 status half-installed grep:amd64 3.7-1build1
2024-09-11 06:41:26 status unpacked grep:amd64 3.7-1build1
2024-09-11 06:41:26 install gzip:amd64 <none> 1.10-4ubuntu4
2024-09-11 06:41:26 status half-installed gzip:amd64 1.10-4ubuntu4
2024-09-11 06:41:26 status unpacked gzip:amd64 1.10-4ubuntu4
2024-09-11 06:41:26 install hostname:amd64 <none> 3.23ubuntu2
2024-09-11 06:41:26 status half-installed hostname:amd64 3.23ubuntu2
2024-09-11 06:41:26 status unpacked hostname:amd64 3.23ubuntu2
2024-09-11 06:41:26 install init-system-helpers:all <none> 1.62
2024-09-11 06:41:26 status half-installed init-system-helpers:all 1.62
2024-09-11 06:41:26 status unpacked init-system-helpers:all 1.62
2024-09-11 06:41:26 install libacl1:amd64 <none> 2.3.1-1
2024-09-11 06:41:26 status half-installed libacl1:amd64 2.3.1-1
2024-09-11 06:41:26 status unpacked libacl1:amd64 2.3.1-1
2024-09-11 06:41:26 install libattr1:amd64 <none> 1:2.5.1-1build1
2024-09-11 06:41:26 status half-installed libattr1:amd64 1:2.5.1-1build1
2024-09-11 06:41:26 status unpacked libattr1:amd64 1:2.5.1-1build1
2024-09-11 06:41:26 install libaudit-common:all <none> 1:3.0.7-1build1
2024-09-11 06:41:26 status half-installed libaudit-common:all 1:3.0.7-1build1
2024-09-11 06:41:26 status unpacked libaudit-common:all 1:3.0.7-1build1
2024-09-11 06:41:26 install libaudit1:amd64 <none> 1:3.0.7-1build1
2024-09-11 06:41:26 status half-installed libaudit1:amd64 1:3.0.7-1build1
2024-09-11 06:41:26 status unpacked libaudit1:amd64 1:3.0.7-1build1
2024-09-11 06:41:26 install libblkid1:amd64 <none> 2.37.2-4ubuntu3
2024-09-11 06:41:26 status half-installed libblkid1:amd64 2.37.2-4ubuntu3
2024-09-11 06:41:26 status unpacked libblkid1:amd64 2.37.2-4ubuntu3
2024-09-11 06:41:26 install libbz2-1.0:amd64 <none> 1.0.8-5build1
2024-09-11 06:41:26 status half-installed libbz2-1.0:amd64 1.0.8-5build1
2024-09-11 06:41:26 status unpacked libbz2-1.0:amd64 1.0.8-5build1
2024-09-11 06:41:26 install libc-bin:amd64 <none> 2.35-0ubuntu3
2024-09-11 06:41:26 status half-installed libc-bin:amd64 2.35-0ubuntu3
2024-09-11 06:41:26 status unpacked libc-bin:amd64 2.35-0ubuntu3
2024-09-11 06:41:26 upgrade libc6:amd64 2.35-0ubuntu3 2.35-0ubuntu3
2024-09-11 06:41:26 status half-configured libc6:amd64 2.35-0ubuntu3
2024-09-11 06:41:26 status unpacked libc6:amd64 2.35-0ubuntu3
2024-09-11 06:41:26 status half-installed libc6:amd64 2.35-0ubuntu3
2024-09-11 06:41:26 status unpacked libc6:amd64 2.35-0ubuntu3
2024-09-11 06:41:26 install libcap-ng0:amd64 <none> 0.7.9-2.2build3
2024-09-11 06:41:26 status half-installed libcap-ng0:amd64 0.7.9-2.2build3
2024-09-11 06:41:26 status unpacked libcap-ng0:amd64 0.7.9-2.2build3
2024-09-11 06:41:26 install libcap2:amd64 <none> 1:2.44-1build3
2024-09-11 06:41:26 status half-installed libcap2:amd64 1:2.44-1build3
2024-09-11 06:41:26 status unpacked libcap2:amd64 1:2.44-1build3
2024-09-11 06:41:26 install libcom-err2:amd64 <none> 1.46.5-2ubuntu1
2024-09-11 06:41:26 status half-installed libcom-err2:amd64 1.46.5-2ubuntu1
2024-09-11 06:41:26 status unpacked libcom-err2:amd64 1.46.5-2ubuntu1
2024-09-11 06:41:26 install libcrypt1:amd64 <none> 1:4.4.27-1
2024-09-11 06:41:26 status half-installed libcrypt1:amd64 1:4.4.27-1
2024-09-11 06:41:26 status unpacked libcrypt1:amd64 1:4.4.27-1
2024-09-11 06:41:26 install libdb5.3:amd64 <none> 5.3.28+dfsg1-0.8ubuntu3
2024-09-11 06:41:26 status half-installed libdb5.3:amd64 5.3.28+dfsg1-0.8ubuntu3
2024-09-11 06:41:26 status unpacked libdb5.3:amd64 5.3.28+dfsg1-0.8ubuntu3
2024-09-11 06:41:27 install libdebconfclient0:amd64 <none> 0.261ubuntu1
2024-09-11 06:41:27 status half-installed libdebconfclient0:amd64 0.261ubuntu1
2024-09-11 06:41:27 status unpacked libdebconfclient0:amd64 0.261ubuntu1
2024-09-11 06:41:27 install libext2fs2:amd64 <none> 1.46.5-2ubuntu1
2024-09-11 06:41:27 status half-installed libext2fs2:amd64 1.46.5-2ubuntu1
2024-09-11 06:41:27 status unpacked libext2fs2:amd64 1.46.5-2ubuntu1
2024-09-11 06:41:27 install libgcc-s1:amd64 <none> 12-20220319-1ubuntu1
2024-09-11 06:41:27 status half-installed libgcc-s1:amd64 12-20220319-1ubuntu1
2024-09-11 06:41:27 status unpacked libgcc-s1:amd64 12-20220319-1ubuntu1
2024-09-11 06:41:27 install libgcrypt20:amd64 <none> 1.9.4-3ubuntu3
2024-09-11 06:41:27 status half-installed libgcrypt20:amd64 1.9.4-3ubuntu3
2024-09-11 06:41:27 status unpacked libgcrypt20:amd64 1.9.4-3ubuntu3
2024-09-11 06:41:27 install libgmp10:amd64 <none> 2:6.2.1+dfsg-3ubuntu1
2024-09-11 06:41:27 status half-installed libgmp10:amd64 2:6.2.1+dfsg-3ubuntu1
2024-09-11 06:41:27 status unpacked libgmp10:amd64 2:6.2.1+dfsg-3ubuntu1
2024-09-11 06:41:27 install libgpg-error0:amd64 <none> 1.43-3
2024-09-11 06:41:27 status half-installed libgpg-error0:amd64 1.43-3
2024-09-11 06:41:27 status unpacked libgpg-error0:amd64 1.43-3
2024-09-11 06:41:27 install libgssapi-krb5-2:amd64 <none> 1.19.2-2
2024-09-11 06:41:27 status half-installed libgssapi-krb5-2:amd64 1.19.2-2
2024-09-11 06:41:27 status unpacked libgssapi-krb5-2:amd64 1.19.2-2
2024-09-11 06:41:27 install libk5crypto3:amd64 <none> 1.19.2-2
2024-09-11 06:41:27 status half-installed libk5crypto3:amd64 1.19.2-2
2024-09-11 06:41:27 status unpacked libk5crypto3:amd64 1.19.2-2
2024-09-11 06:41:27 install libkeyutils1:amd64 <none> 1.6.1-2ubuntu3
2024-09-11 06:41:27 status half-installed libkeyutils1:amd64 1.6.1-2ubuntu3
2024-09-11 06:41:27 status unpacked libkeyutils1:amd64 1.6.1-2ubuntu3
2024-09-11 06:41:27 install libkrb5-3:amd64 <none> 1.19.2-2
2024-09-11 06:41:27 status half-installed libkrb5-3:amd64 1.19.2-2
2024-09-11 06:41:27 status unpacked libkrb5-3:amd64 1.19.2-2
2024-09-11 06:41:27 install libkrb5support0:amd64 <none> 1.19.2-2
2024-09-11 06:41:27 status half-installed libkrb5support0:amd64 1.19.2-2
2024-09-11 06:41:27 status unpacked libkrb5support0:amd64 1.19.2-2
2024-09-11 06:41:27 install liblz4-1:amd64 <none> 1.9.3-2build2
2024-09-11 06:41:27 status half-installed liblz4-1:amd64 1.9.3-2build2
2024-09-11 06:41:27 status unpacked liblz4-1:amd64 1.9.3-2build2
2024-09-11 06:41:27 install liblzma5:amd64 <none> 5.2.5-2ubuntu1
2024-09-11 06:41:27 status half-installed liblzma5:amd64 5.2.5-2ubuntu1
2024-09-11 06:41:27 status unpacked liblzma5:amd64 5.2.5-2ubuntu1
2024-09-11 06:41:27 install libmount1:amd64 <none> 2.37.2-4ubuntu3
2024-09-11 06:41:27 status half-installed libmount1:amd64 2.37.2-4ubuntu3
2024-09-11 06:41:27 status unpacked libmount1:amd64 2.37.2-4ubuntu3
2024-09-11 06:41:27 install libncurses6:amd64 <none> 6.3-2
2024-09-11 06:41:27 status half-installed libncurses6:amd64 6.3-2
2024-09-11 06:41:27 status unpacked libncurses6:amd64 6.3-2
2024-09-11 06:41:27 install libncursesw6:amd64 <none> 6.3-2
2024-09-11 06:41:27 status half-installed libncursesw6:amd64 6.3-2
2024-09-11 06:41:27 status unpacked libncursesw6:amd64 6.3-2
2024-09-11 06:41:27 install libnsl2:amd64 <none> 1.3.0-2build2
2024-09-11 06:41:27 status half-installed libnsl2:amd64 1.3.0-2build2
2024-09-11 06:41:27 status unpacked libnsl2:amd64 1.3.0-2build2
2024-09-11 06:41:27 install libpam-modules:amd64 <none> 1.4.0-11ubuntu2
2024-09-11 06:41:27 status half-installed libpam-modules:amd64 1.4.0-11ubuntu2
2024-09-11 06:41:27 status unpacked libpam-modules:amd64 1.4.0-11ubuntu2
2024-09-11 06:41:27 install libpam-modules-bin:amd64 <none> 1.4.0-11ubuntu2
2024-09-11 06:41:27 status half-installed libpam-modules-bin:amd64 1.4.0-11ubuntu2
2024-09-11 06:41:27 status unpacked libpam-modules-bin:amd64 1.4.0-11ubuntu2
2024-09-11 06:41:27 install libpam-runtime:all <none> 1.4.0-11ubuntu2
2024-09-11 06:41:27 status half-installed libpam-runtime:all 1.4.0-11ubuntu2
2024-09-11 06:41:27 status unpacked libpam-runtime:all 1.4.0-11ubuntu2
2024-09-11 06:41:27 install libpam0g:amd64 <none> 1.4.0-11ubuntu2
2024-09-11 06:41:27 status half-installed libpam0g:amd64 1.4.0-11ubuntu2
2024-09-11 06:41:27 status unpacked libpam0g:amd64 1.4.0-11ubuntu2
2024-09-11 06:41:27 install libpcre2-8-0:amd64 <none> 10.39-3build1
2024-09-11 06:41:27 status half-installed libpcre2-8-0:amd64 10.39-3build1
2024-09-11 06:41:27 status unpacked libpcre2-8-0:amd64 10.39-3build1
2024-09-11 06:41:27 install libpcre3:amd64 <none> 2:8.39-13build5
2024-09-11 06:41:27 status half-installed libpcre3:amd64 2:8.39-13build5
2024-09-11 06:41:27 status unpacked libpcre3:amd64 2:8.39-13build5
2024-09-11 06:41:27 install libprocps8:amd64 <none> 2:3.3.17-6ubuntu2
2024-09-11 06:41:27 status half-installed libprocps8:amd64 2:3.3.17-6ubuntu2
2024-09-11 06:41:27 status unpacked libprocps8:amd64 2:3.3.17-6ubuntu2
2024-09-11 06:41:27 install libselinux1:amd64 <none> 3.3-1build2
2024-09-11 06:41:27 status half-installed libselinux1:amd64 3.3-1build2
2024-09-11 06:41:27 status unpacked libselinux1:amd64 3.3-1build2
2024-09-11 06:41:27 install libsemanage-common:all <none> 3.3-1build2
2024-09-11 06:41:27 status half-installed libsemanage-common:all 3.3-1build2
2024-09-11 06:41:27 status unpacked libsemanage-common:all 3.3-1build2
2024-09-11 06:41:27 install libsemanage2:amd64 <none> 3.3-1build2
2024-09-11 06:41:27 status half-installed libsemanage2:amd64 3.3-1build2
2024-09-11 06:41:27 status unpacked libsemanage2:amd64 3.3-1build2
2024-09-11 06:41:27 install libsepol2:amd64 <none> 3.3-1build1
2024-09-11 06:41:27 status half-installed libsepol2:amd64 3.3-1build1
2024-09-11 06:41:27 status unpacked libsepol2:amd64 3.3-1build1
2024-09-11 06:41:27 install libsmartcols1:amd64 <none> 2.37.2-4ubuntu3
2024-09-11 06:41:27 status half-installed libsmartcols1:amd64 2.37.2-4ubuntu3
2024-09-11 06:41:27 status unpacked libsmartcols1:amd64 2.37.2-4ubuntu3
2024-09-11 06:41:27 install libss2:amd64 <none> 1.46.5-2ubuntu1
2024-09-11 06:41:27 status half-installed libss2:amd64 1.46.5-2ubuntu1
2024-09-11 06:41:27 status unpacked libss2:amd64 1.46.5-2ubuntu1
2024-09-11 06:41:28 install libssl3:amd64 <none> 3.0.2-0ubuntu1
2024-09-11 06:41:28 status half-installed libssl3:amd64 3.0.2-0ubuntu1
2024-09-11 06:41:28 status unpacked libssl3:amd64 3.0.2-0ubuntu1
2024-09-11 06:41:28 install libsystemd0:amd64 <none> 249.11-0ubuntu3
2024-09-11 06:41:28 status half-installed libsystemd0:amd64 249.11-0ubuntu3
2024-09-11 06:41:28 status unpacked libsystemd0:amd64 249.11-0ubuntu3
2024-09-11 06:41:28 install libtinfo6:amd64 <none> 6.3-2
2024-09-11 06:41:28 status half-installed libtinfo6:amd64 6.3-2
2024-09-11 06:41:28 status unpacked libtinfo6:amd64 6.3-2
2024-09-11 06:41:28 install libtirpc-common:all <none> 1.3.2-2build1
2024-09-11 06:41:28 status half-installed libtirpc-common:all 1.3.2-2build1
2024-09-11 06:41:28 status unpacked libtirpc-common:all 1.3.2-2build1
2024-09-11 06:41:28 install libtirpc3:amd64 <none> 1.3.2-2build1
2024-09-11 06:41:28 status half-installed libtirpc3:amd64 1.3.2-2build1
2024-09-11 06:41:28 status unpacked libtirpc3:amd64 1.3.2-2build1
2024-09-11 06:41:28 install libudev1:amd64 <none> 249.11-0ubuntu3
2024-09-11 06:41:28 status half-installed libudev1:amd64 249.11-0ubuntu3
2024-09-11 06:41:28 status unpacked libudev1:amd64 249.11-0ubuntu3
2024-09-11 06:41:28 install libuuid1:amd64 <none> 2.37.2-4ubuntu3
2024-09-11 06:41:28 status half-installed libuuid1:amd64 2.37.2-4ubuntu3
2024-09-11 06:41:28 status unpacked libuuid1:amd64 2.37.2-4ubuntu3
2024-09-11 06:41:28 install libzstd1:amd64 <none> 1.4.8+dfsg-3build1
2024-09-11 06:41:28 status half-installed libzstd1:amd64 1.4.8+dfsg-3build1
2024-09-11 06:41:28 status unpacked libzstd1:amd64 1.4.8+dfsg-3build1
2024-09-11 06:41:28 install login:amd64 <none> 1:4.8.1-2ubuntu2
2024-09-11 06:41:28 status half-installed login:amd64 1:4.8.1-2ubuntu2
2024-09-11 06:41:28 status unpacked login:amd64 1:4.8.1-2ubuntu2
2024-09-11 06:41:28 install logsave:amd64 <none> 1.46.5-2ubuntu1
2024-09-11 06:41:28 status half-installed logsave:amd64 1.46.5-2ubuntu1
2024-09-11 06:41:28 status unpacked logsave:amd64 1.46.5-2ubuntu1
2024-09-11 06:41:28 install lsb-base:all <none> 11.1.0ubuntu4
2024-09-11 06:41:28 status half-installed lsb-base:all 11.1.0ubuntu4
2024-09-11 06:41:28 status unpacked lsb-base:all 11.1.0ubuntu4
2024-09-11 06:41:28 upgrade mawk:amd64 1.3.4.20200120-3 1.3.4.20200120-3
2024-09-11 06:41:28 status half-configured mawk:amd64 1.3.4.20200120-3
2024-09-11 06:41:28 status unpacked mawk:amd64 1.3.4.20200120-3
2024-09-11 06:41:28 status half-installed mawk:amd64 1.3.4.20200120-3
2024-09-11 06:41:28 status unpacked mawk:amd64 1.3.4.20200120-3
2024-09-11 06:41:28 install mount:amd64 <none> 2.37.2-4ubuntu3
2024-09-11 06:41:28 status half-installed mount:amd64 2.37.2-4ubuntu3
2024-09-11 06:41:28 status unpacked mount:amd64 2.37.2-4ubuntu3
2024-09-11 06:41:28 install ncurses-base:all <none> 6.3-2
2024-09-11 06:41:28 status half-installed ncurses-base:all 6.3-2
2024-09-11 06:41:28 status unpacked ncurses-base:all 6.3-2
2024-09-11 06:41:28 install ncurses-bin:amd64 <none> 6.3-2
2024-09-11 06:41:28 status half-installed ncurses-bin:amd64 6.3-2
2024-09-11 06:41:28 status unpacked ncurses-bin:amd64 6.3-2
2024-09-11 06:41:28 install passwd:amd64 <none> 1:4.8.1-2ubuntu2
2024-09-11 06:41:28 status half-installed passwd:amd64 1:4.8.1-2ubuntu2
2024-09-11 06:41:28 status unpacked passwd:amd64 1:4.8.1-2ubuntu2
2024-09-11 06:41:28 upgrade perl-base:amd64 5.34.0-3ubuntu1 5.34.0-3ubuntu1
2024-09-11 06:41:28 status half-configured perl-base:amd64 5.34.0-3ubuntu1
2024-09-11 06:41:28 status unpacked perl-base:amd64 5.34.0-3ubuntu1
2024-09-11 06:41:28 status half-installed perl-base:amd64 5.34.0-3ubuntu1
2024-09-11 06:41:28 status unpacked perl-base:amd64 5.34.0-3ubuntu1
2024-09-11 06:41:28 install procps:amd64 <none> 2:3.3.17-6ubuntu2
2024-09-11 06:41:28 status half-installed procps:amd64 2:3.3.17-6ubuntu2
2024-09-11 06:41:28 status unpacked procps:amd64 2:3.3.17-6ubuntu2
2024-09-11 06:41:28 install sed:amd64 <none> 4.8-1ubuntu2
2024-09-11 06:41:28 status half-installed sed:amd64 4.8-1ubuntu2
2024-09-11 06:41:28 status unpacked sed:amd64 4.8-1ubuntu2
2024-09-11 06:41:28 install sensible-utils:all <none> 0.0.17
2024-09-11 06:41:28 status half-installed sensible-utils:all 0.0.17
2024-09-11 06:41:28 status unpacked sensible-utils:all 0.0.17
2024-09-11 06:41:28 install sysvinit-utils:amd64 <none> 3.01-1ubuntu1
2024-09-11 06:41:28 status half-installed sysvinit-utils:amd64 3.01-1ubuntu1
2024-09-11 06:41:28 status unpacked sysvinit-utils:amd64 3.01-1ubuntu1
2024-09-11 06:41:28 install tar:amd64 <none> 1.34+dfsg-1build3
2024-09-11 06:41:28 status half-installed tar:amd64 1.34+dfsg-1build3
2024-09-11 06:41:28 status unpacked tar:amd64 1.34+dfsg-1build3
2024-09-11 06:41:28 install usrmerge:all <none> 25ubuntu2
2024-09-11 06:41:28 status half-installed usrmerge:all 25ubuntu2
2024-09-11 06:41:28 status unpacked usrmerge:all 25ubuntu2
2024-09-11 06:41:28 install util-linux:amd64 <none> 2.37.2-4ubuntu3
2024-09-11 06:41:28 status half-installed util-linux:amd64 2.37.2-4ubuntu3
2024-09-11 06:41:29 status unpacked util-linux:amd64 2.37.2-4ubuntu3
2024-09-11 06:41:29 install zlib1g:amd64 <none> 1:1.2.11.dfsg-2ubuntu9
2024-09-11 06:41:29 status half-installed zlib1g:amd64 1:1.2.11.dfsg-2ubuntu9
2024-09-11 06:41:29 status unpacked zlib1g:amd64 1:1.2.11.dfsg-2ubuntu9
2024-09-11 06:41:29 startup packages configure
2024-09-11 06:41:29 configure lsb-base:all 11.1.0ubuntu4 <none>
2024-09-11 06:41:29 status unpacked lsb-base:all 11.1.0ubuntu4
2024-09-11 06:41:29 status half-configured lsb-base:all 11.1.0ubuntu4
2024-09-11 06:41:29 status installed lsb-base:all 11.1.0ubuntu4
2024-09-11 06:41:29 configure libtirpc-common:all 1.3.2-2build1 <none>
2024-09-11 06:41:29 status unpacked libtirpc-common:all 1.3.2-2build1
2024-09-11 06:41:29 status half-configured libtirpc-common:all 1.3.2-2build1
2024-09-11 06:41:29 status installed libtirpc-common:all 1.3.2-2build1
2024-09-11 06:41:29 configure libaudit-common:all 1:3.0.7-1build1 <none>
2024-09-11 06:41:29 status unpacked libaudit-common:all 1:3.0.7-1build1
2024-09-11 06:41:29 status half-configured libaudit-common:all 1:3.0.7-1build1
2024-09-11 06:41:29 status installed libaudit-common:all 1:3.0.7-1build1
2024-09-11 06:41:29 configure libsemanage-common:all 3.3-1build2 <none>
2024-09-11 06:41:29 status unpacked libsemanage-common:all 3.3-1build2
2024-09-11 06:41:29 status half-configured libsemanage-common:all 3.3-1build2
2024-09-11 06:41:29 status installed libsemanage-common:all 3.3-1build2
2024-09-11 06:41:29 configure gcc-12-base:amd64 12-20220319-1ubuntu1 <none>
2024-09-11 06:41:29 status unpacked gcc-12-base:amd64 12-20220319-1ubuntu1
2024-09-11 06:41:29 status half-configured gcc-12-base:amd64 12-20220319-1ubuntu1
2024-09-11 06:41:29 status installed gcc-12-base:amd64 12-20220319-1ubuntu1
2024-09-11 06:41:29 configure ncurses-base:all 6.3-2 <none>
2024-09-11 06:41:29 status unpacked ncurses-base:all 6.3-2
2024-09-11 06:41:29 status half-configured ncurses-base:all 6.3-2
2024-09-11 06:41:29 status installed ncurses-base:all 6.3-2
2024-09-11 06:41:29 configure sensible-utils:all 0.0.17 <none>
2024-09-11 06:41:29 status unpacked sensible-utils:all 0.0.17
2024-09-11 06:41:29 status half-configured sensible-utils:all 0.0.17
2024-09-11 06:41:29 status installed sensible-utils:all 0.0.17
2024-09-11 06:41:29 configure libcrypt1:amd64 1:4.4.27-1 <none>
2024-09-11 06:41:29 status unpacked libcrypt1:amd64 1:4.4.27-1
2024-09-11 06:41:29 status half-configured libcrypt1:amd64 1:4.4.27-1
2024-09-11 06:41:29 status installed libcrypt1:amd64 1:4.4.27-1
2024-09-11 06:41:29 configure libgcc-s1:amd64 12-20220319-1ubuntu1 <none>
2024-09-11 06:41:29 status unpacked libgcc-s1:amd64 12-20220319-1ubuntu1
2024-09-11 06:41:29 status half-configured libgcc-s1:amd64 12-20220319-1ubuntu1
2024-09-11 06:41:29 status installed libgcc-s1:amd64 12-20220319-1ubuntu1
2024-09-11 06:41:29 configure libc6:amd64 2.35-0ubuntu3 <none>
2024-09-11 06:41:29 status unpacked libc6:amd64 2.35-0ubuntu3
2024-09-11 06:41:29 status half-configured libc6:amd64 2.35-0ubuntu3
2024-09-11 06:41:29 status installed libc6:amd64 2.35-0ubuntu3
2024-09-11 06:41:29 configure libudev1:amd64 249.11-0ubuntu3 <none>
2024-09-11 06:41:29 status unpacked libudev1:amd64 249.11-0ubuntu3
2024-09-11 06:41:29 status half-configured libudev1:amd64 249.11-0ubuntu3
2024-09-11 06:41:29 status installed libudev1:amd64 249.11-0ubuntu3
2024-09-11 06:41:29 configure libattr1:amd64 1:2.5.1-1build1 <none>
2024-09-11 06:41:29 status unpacked libattr1:amd64 1:2.5.1-1build1
2024-09-11 06:41:29 status half-configured libattr1:amd64 1:2.5.1-1build1
2024-09-11 06:41:29 status installed libattr1:amd64 1:2.5.1-1build1
2024-09-11 06:41:29 configure sysvinit-utils:amd64 3.01-1ubuntu1 <none>
2024-09-11 06:41:29 status unpacked sysvinit-utils:amd64 3.01-1ubuntu1
2024-09-11 06:41:29 status half-configured sysvinit-utils:amd64 3.01-1ubuntu1
2024-09-11 06:41:29 status installed sysvinit-utils:amd64 3.01-1ubuntu1
2024-09-11 06:41:29 configure debianutils:amd64 5.5-1ubuntu2 <none>
2024-09-11 06:41:29 status unpacked debianutils:amd64 5.5-1ubuntu2
2024-09-11 06:41:29 status half-configured debianutils:amd64 5.5-1ubuntu2
2024-09-11 06:41:29 status installed debianutils:amd64 5.5-1ubuntu2
2024-09-11 06:41:29 configure mawk:amd64 1.3.4.20200120-3 <none>
2024-09-11 06:41:29 status unpacked mawk:amd64 1.3.4.20200120-3
2024-09-11 06:41:29 status half-configured mawk:amd64 1.3.4.20200120-3
2024-09-11 06:41:29 status installed mawk:amd64 1.3.4.20200120-3
2024-09-11 06:41:29 configure libdebconfclient0:amd64 0.261ubuntu1 <none>
2024-09-11 06:41:29 status unpacked libdebconfclient0:amd64 0.261ubuntu1
2024-09-11 06:41:29 status half-configured libdebconfclient0:amd64 0.261ubuntu1
2024-09-11 06:41:29 status installed libdebconfclient0:amd64 0.261ubuntu1
2024-09-11 06:41:29 configure base-files:amd64 12ubuntu4 <none>
2024-09-11 06:41:29 status unpacked base-files:amd64 12ubuntu4
2024-09-11 06:41:29 status half-configured base-files:amd64 12ubuntu4
2024-09-11 06:41:29 status installed base-files:amd64 12ubuntu4
2024-09-11 06:41:29 configure libbz2-1.0:amd64 1.0.8-5build1 <none>
2024-09-11 06:41:29 status unpacked libbz2-1.0:amd64 1.0.8-5build1
2024-09-11 06:41:29 status half-configured libbz2-1.0:amd64 1.0.8-5build1
2024-09-11 06:41:29 status installed libbz2-1.0:amd64 1.0.8-5build1
2024-09-11 06:41:29 configure base-passwd:amd64 3.5.52build1 <none>
2024-09-11 06:41:29 status unpacked base-passwd:amd64 3.5.52build1
2024-09-11 06:41:29 status half-configured base-passwd:amd64 3.5.52build1
2024-09-11 06:41:29 status installed base-passwd:amd64 3.5.52build1
2024-09-11 06:41:29 configure libdb5.3:amd64 5.3.28+dfsg1-0.8ubuntu3 <none>
2024-09-11 06:41:29 status unpacked libdb5.3:amd64 5.3.28+dfsg1-0.8ubuntu3
2024-09-11 06:41:29 status half-configured libdb5.3:amd64 5.3.28+dfsg1-0.8ubuntu3
2024-09-11 06:41:29 status installed libdb5.3:amd64 5.3.28+dfsg1-0.8ubuntu3
2024-09-11 06:41:29 configure libblkid1:amd64 2.37.2-4ubuntu3 <none>
2024-09-11 06:41:29 status unpacked libblkid1:amd64 2.37.2-4ubuntu3
2024-09-11 06:41:29 status half-configured libblkid1:amd64 2.37.2-4ubuntu3
2024-09-11 06:41:29 status installed libblkid1:amd64 2.37.2-4ubuntu3
2024-09-11 06:41:29 configure libtinfo6:amd64 6.3-2 <none>
2024-09-11 06:41:29 status unpacked libtinfo6:amd64 6.3-2
2024-09-11 06:41:29 status half-configured libtinfo6:amd64 6.3-2
2024-09-11 06:41:29 status installed libtinfo6:amd64 6.3-2
2024-09-11 06:41:29 configure bash:amd64 5.1-6ubuntu1 <none>
2024-09-11 06:41:29 status unpacked bash:amd64 5.1-6ubuntu1
2024-09-11 06:41:29 status half-configured bash:amd64 5.1-6ubuntu1
2024-09-11 06:41:29 status installed bash:amd64 5.1-6ubuntu1
2024-09-11 06:41:29 configure libzstd1:amd64 1.4.8+dfsg-3build1 <none>
2024-09-11 06:41:29 status unpacked libzstd1:amd64 1.4.8+dfsg-3build1
2024-09-11 06:41:29 status half-configured libzstd1:amd64 1.4.8+dfsg-3build1
2024-09-11 06:41:29 status installed libzstd1:amd64 1.4.8+dfsg-3build1
2024-09-11 06:41:29 configure libkeyutils1:amd64 1.6.1-2ubuntu3 <none>
2024-09-11 06:41:29 status unpacked libkeyutils1:amd64 1.6.1-2ubuntu3
2024-09-11 06:41:29 status half-configured libkeyutils1:amd64 1.6.1-2ubuntu3
2024-09-11 06:41:29 status installed libkeyutils1:amd64 1.6.1-2ubuntu3
2024-09-11 06:41:29 configure liblzma5:amd64 5.2.5-2ubuntu1 <none>
2024-09-11 06:41:29 status unpacked liblzma5:amd64 5.2.5-2ubuntu1
2024-09-11 06:41:29 status half-configured liblzma5:amd64 5.2.5-2ubuntu1
2024-09-11 06:41:29 status installed liblzma5:amd64 5.2.5-2ubuntu1
2024-09-11 06:41:29 configure libgpg-error0:amd64 1.43-3 <none>
2024-09-11 06:41:29 status unpacked libgpg-error0:amd64 1.43-3
2024-09-11 06:41:29 status half-configured libgpg-error0:amd64 1.43-3
2024-09-11 06:41:29 status installed libgpg-error0:amd64 1.43-3
2024-09-11 06:41:29 configure liblz4-1:amd64 1.9.3-2build2 <none>
2024-09-11 06:41:29 status unpacked liblz4-1:amd64 1.9.3-2build2
2024-09-11 06:41:29 status half-configured liblz4-1:amd64 1.9.3-2build2
2024-09-11 06:41:29 status installed liblz4-1:amd64 1.9.3-2build2
2024-09-11 06:41:29 configure libc-bin:amd64 2.35-0ubuntu3 <none>
2024-09-11 06:41:29 status unpacked libc-bin:amd64 2.35-0ubuntu3
2024-09-11 06:41:29 status half-configured libc-bin:amd64 2.35-0ubuntu3
2024-09-11 06:41:29 status installed libc-bin:amd64 2.35-0ubuntu3
2024-09-11 06:41:29 configure ncurses-bin:amd64 6.3-2 <none>
2024-09-11 06:41:29 status unpacked ncurses-bin:amd64 6.3-2
2024-09-11 06:41:29 status half-configured ncurses-bin:amd64 6.3-2
2024-09-11 06:41:29 status installed ncurses-bin:amd64 6.3-2
2024-09-11 06:41:29 configure libacl1:amd64 2.3.1-1 <none>
2024-09-11 06:41:29 status triggers-pending libc-bin:amd64 2.35-0ubuntu3
2024-09-11 06:41:29 status unpacked libacl1:amd64 2.3.1-1
2024-09-11 06:41:29 status half-configured libacl1:amd64 2.3.1-1
2024-09-11 06:41:29 status installed libacl1:amd64 2.3.1-1
2024-09-11 06:41:29 configure libsmartcols1:amd64 2.37.2-4ubuntu3 <none>
2024-09-11 06:41:29 status unpacked libsmartcols1:amd64 2.37.2-4ubuntu3
2024-09-11 06:41:29 status half-configured libsmartcols1:amd64 2.37.2-4ubuntu3
2024-09-11 06:41:29 status installed libsmartcols1:amd64 2.37.2-4ubuntu3
2024-09-11 06:41:29 configure libgcrypt20:amd64 1.9.4-3ubuntu3 <none>
2024-09-11 06:41:29 status unpacked libgcrypt20:amd64 1.9.4-3ubuntu3
2024-09-11 06:41:29 status half-configured libgcrypt20:amd64 1.9.4-3ubuntu3
2024-09-11 06:41:29 status installed libgcrypt20:amd64 1.9.4-3ubuntu3
2024-09-11 06:41:29 configure zlib1g:amd64 1:1.2.11.dfsg-2ubuntu9 <none>
2024-09-11 06:41:29 status unpacked zlib1g:amd64 1:1.2.11.dfsg-2ubuntu9
2024-09-11 06:41:29 status half-configured zlib1g:amd64 1:1.2.11.dfsg-2ubuntu9
2024-09-11 06:41:29 status installed zlib1g:amd64 1:1.2.11.dfsg-2ubuntu9
2024-09-11 06:41:29 configure libcom-err2:amd64 1.46.5-2ubuntu1 <none>
2024-09-11 06:41:29 status unpacked libcom-err2:amd64 1.46.5-2ubuntu1
2024-09-11 06:41:29 status half-configured libcom-err2:amd64 1.46.5-2ubuntu1
2024-09-11 06:41:29 status installed libcom-err2:amd64 1.46.5-2ubuntu1
2024-09-11 06:41:29 configure diffutils:amd64 1:3.8-0ubuntu2 <none>
2024-09-11 06:41:29 status unpacked diffutils:amd64 1:3.8-0ubuntu2
2024-09-11 06:41:29 status half-configured diffutils:amd64 1:3.8-0ubuntu2
2024-09-11 06:41:29 status installed diffutils:amd64 1:3.8-0ubuntu2
2024-09-11 06:41:29 configure libcap2:amd64 1:2.44-1build3 <none>
2024-09-11 06:41:29 status unpacked libcap2:amd64 1:2.44-1build3
2024-09-11 06:41:29 status half-configured libcap2:amd64 1:2.44-1build3
2024-09-11 06:41:29 status installed libcap2:amd64 1:2.44-1build3
2024-09-11 06:41:29 configure libkrb5support0:amd64 1.19.2-2 <none>
2024-09-11 06:41:29 status unpacked libkrb5support0:amd64 1.19.2-2
2024-09-11 06:41:29 status half-configured libkrb5support0:amd64 1.19.2-2
2024-09-11 06:41:29 status installed libkrb5support0:amd64 1.19.2-2
2024-09-11 06:41:29 configure hostname:amd64 3.23ubuntu2 <none>
2024-09-11 06:41:29 status unpacked hostname:amd64 3.23ubuntu2
2024-09-11 06:41:29 status half-configured hostname:amd64 3.23ubuntu2
2024-09-11 06:41:29 status installed hostname:amd64 3.23ubuntu2
2024-09-11 06:41:29 configure libpcre3:amd64 2:8.39-13build5 <none>
2024-09-11 06:41:29 status unpacked libpcre3:amd64 2:8.39-13build5
2024-09-11 06:41:29 status half-configured libpcre3:amd64 2:8.39-13build5
2024-09-11 06:41:29 status installed libpcre3:amd64 2:8.39-13build5
2024-09-11 06:41:29 configure libcap-ng0:amd64 0.7.9-2.2build3 <none>
2024-09-11 06:41:29 status unpacked libcap-ng0:amd64 0.7.9-2.2build3
2024-09-11 06:41:29 status half-configured libcap-ng0:amd64 0.7.9-2.2build3
2024-09-11 06:41:29 status installed libcap-ng0:amd64 0.7.9-2.2build3
2024-09-11 06:41:29 configure libext2fs2:amd64 1.46.5-2ubuntu1 <none>
2024-09-11 06:41:29 status unpacked libext2fs2:amd64 1.46.5-2ubuntu1
2024-09-11 06:41:29 status half-configured libext2fs2:amd64 1.46.5-2ubuntu1
2024-09-11 06:41:29 status installed libext2fs2:amd64 1.46.5-2ubuntu1
2024-09-11 06:41:29 configure libgmp10:amd64 2:6.2.1+dfsg-3ubuntu1 <none>
2024-09-11 06:41:29 status unpacked libgmp10:amd64 2:6.2.1+dfsg-3ubuntu1
2024-09-11 06:41:29 status half-configured libgmp10:amd64 2:6.2.1+dfsg-3ubuntu1
2024-09-11 06:41:29 status installed libgmp10:amd64 2:6.2.1+dfsg-3ubuntu1
2024-09-11 06:41:29 configure libncurses6:amd64 6.3-2 <none>
2024-09-11 06:41:29 status unpacked libncurses6:amd64 6.3-2
2024-09-11 06:41:29 status half-configured libncurses6:amd64 6.3-2
2024-09-11 06:41:29 status installed libncurses6:amd64 6.3-2
2024-09-11 06:41:29 configure libaudit1:amd64 1:3.0.7-1build1 <none>
2024-09-11 06:41:29 status unpacked libaudit1:amd64 1:3.0.7-1build1
2024-09-11 06:41:29 status half-configured libaudit1:amd64 1:3.0.7-1build1
2024-09-11 06:41:29 status installed libaudit1:amd64 1:3.0.7-1build1
2024-09-11 06:41:29 configure libuuid1:amd64 2.37.2-4ubuntu3 <none>
2024-09-11 06:41:29 status unpacked libuuid1:amd64 2.37.2-4ubuntu3
2024-09-11 06:41:29 status half-configured libuuid1:amd64 2.37.2-4ubuntu3
2024-09-11 06:41:29 status installed libuuid1:amd64 2.37.2-4ubuntu3
2024-09-11 06:41:29 configure libss2:amd64 1.46.5-2ubuntu1 <none>
2024-09-11 06:41:29 status unpacked libss2:amd64 1.46.5-2ubuntu1
2024-09-11 06:41:29 status half-configured libss2:amd64 1.46.5-2ubuntu1
2024-09-11 06:41:29 status installed libss2:amd64 1.46.5-2ubuntu1
2024-09-11 06:41:29 configure libsepol2:amd64 3.3-1build1 <none>
2024-09-11 06:41:29 status unpacked libsepol2:amd64 3.3-1build1
2024-09-11 06:41:29 status half-configured libsepol2:amd64 3.3-1build1
2024-09-11 06:41:29 status installed libsepol2:amd64 3.3-1build1
2024-09-11 06:41:29 configure libpcre2-8-0:amd64 10.39-3build1 <none>
2024-09-11 06:41:29 status unpacked libpcre2-8-0:amd64 10.39-3build1
2024-09-11 06:41:29 status half-configured libpcre2-8-0:amd64 10.39-3build1
2024-09-11 06:41:29 status installed libpcre2-8-0:amd64 10.39-3build1
2024-09-11 06:41:29 configure libncursesw6:amd64 6.3-2 <none>
2024-09-11 06:41:29 status unpacked libncursesw6:amd64 6.3-2
2024-09-11 06:41:29 status half-configured libncursesw6:amd64 6.3-2
2024-09-11 06:41:29 status installed libncursesw6:amd64 6.3-2
2024-09-11 06:41:29 configure libk5crypto3:amd64 1.19.2-2 <none>
2024-09-11 06:41:29 status unpacked libk5crypto3:amd64 1.19.2-2
2024-09-11 06:41:29 status half-configured libk5crypto3:amd64 1.19.2-2
2024-09-11 06:41:29 status installed libk5crypto3:amd64 1.19.2-2
2024-09-11 06:41:29 configure logsave:amd64 1.46.5-2ubuntu1 <none>
2024-09-11 06:41:29 status unpacked logsave:amd64 1.46.5-2ubuntu1
2024-09-11 06:41:29 status half-configured logsave:amd64 1.46.5-2ubuntu1
2024-09-11 06:41:29 status installed logsave:amd64 1.46.5-2ubuntu1
2024-09-11 06:41:29 configure e2fsprogs:amd64 1.46.5-2ubuntu1 <none>
2024-09-11 06:41:29 status unpacked e2fsprogs:amd64 1.46.5-2ubuntu1
2024-09-11 06:41:29 status half-configured e2fsprogs:amd64 1.46.5-2ubuntu1
2024-09-11 06:41:29 status installed e2fsprogs:amd64 1.46.5-2ubuntu1
2024-09-11 06:41:29 configure libsystemd0:amd64 249.11-0ubuntu3 <none>
2024-09-11 06:41:29 status unpacked libsystemd0:amd64 249.11-0ubuntu3
2024-09-11 06:41:29 status half-configured libsystemd0:amd64 249.11-0ubuntu3
2024-09-11 06:41:29 status installed libsystemd0:amd64 249.11-0ubuntu3
2024-09-11 06:41:29 configure libselinux1:amd64 3.3-1build2 <none>
2024-09-11 06:41:29 status unpacked libselinux1:amd64 3.3-1build2
2024-09-11 06:41:29 status half-configured libselinux1:amd64 3.3-1build2
2024-09-11 06:41:29 status installed libselinux1:amd64 3.3-1build2
2024-09-11 06:41:29 configure sed:amd64 4.8-1ubuntu2 <none>
2024-09-11 06:41:29 status unpacked sed:amd64 4.8-1ubuntu2
2024-09-11 06:41:29 status half-configured sed:amd64 4.8-1ubuntu2
2024-09-11 06:41:29 status installed sed:amd64 4.8-1ubuntu2
2024-09-11 06:41:29 configure findutils:amd64 4.8.0-1ubuntu3 <none>
2024-09-11 06:41:29 status unpacked findutils:amd64 4.8.0-1ubuntu3
2024-09-11 06:41:29 status half-configured findutils:amd64 4.8.0-1ubuntu3
2024-09-11 06:41:29 status installed findutils:amd64 4.8.0-1ubuntu3
2024-09-11 06:41:29 configure libmount1:amd64 2.37.2-4ubuntu3 <none>
2024-09-11 06:41:29 status unpacked libmount1:amd64 2.37.2-4ubuntu3
2024-09-11 06:41:29 status half-configured libmount1:amd64 2.37.2-4ubuntu3
2024-09-11 06:41:29 status installed libmount1:amd64 2.37.2-4ubuntu3
2024-09-11 06:41:29 configure libsemanage2:amd64 3.3-1build2 <none>
2024-09-11 06:41:29 status unpacked libsemanage2:amd64 3.3-1build2
2024-09-11 06:41:29 status half-configured libsemanage2:amd64 3.3-1build2
2024-09-11 06:41:30 status installed libsemanage2:amd64 3.3-1build2
2024-09-11 06:41:30 configure libprocps8:amd64 2:3.3.17-6ubuntu2 <none>
2024-09-11 06:41:30 status unpacked libprocps8:amd64 2:3.3.17-6ubuntu2
2024-09-11 06:41:30 status half-configured libprocps8:amd64 2:3.3.17-6ubuntu2
2024-09-11 06:41:30 status installed libprocps8:amd64 2:3.3.17-6ubuntu2
2024-09-11 06:41:30 configure bsdutils:amd64 1:2.37.2-4ubuntu3 <none>
2024-09-11 06:41:30 status unpacked bsdutils:amd64 1:2.37.2-4ubuntu3
2024-09-11 06:41:30 status half-configured bsdutils:amd64 1:2.37.2-4ubuntu3
2024-09-11 06:41:30 status installed bsdutils:amd64 1:2.37.2-4ubuntu3
2024-09-11 06:41:30 configure tar:amd64 1.34+dfsg-1build3 <none>
2024-09-11 06:41:30 status unpacked tar:amd64 1.34+dfsg-1build3
2024-09-11 06:41:30 status half-configured tar:amd64 1.34+dfsg-1build3
2024-09-11 06:41:30 status installed tar:amd64 1.34+dfsg-1build3
2024-09-11 06:41:30 configure coreutils:amd64 8.32-4.1ubuntu1 <none>
2024-09-11 06:41:30 status unpacked coreutils:amd64 8.32-4.1ubuntu1
2024-09-11 06:41:30 status half-configured coreutils:amd64 8.32-4.1ubuntu1
2024-09-11 06:41:30 status installed coreutils:amd64 8.32-4.1ubuntu1
2024-09-11 06:41:30 configure dpkg:amd64 1.21.1ubuntu2 <none>
2024-09-11 06:41:30 status unpacked dpkg:amd64 1.21.1ubuntu2
2024-09-11 06:41:30 status half-configured dpkg:amd64 1.21.1ubuntu2
2024-09-11 06:41:30 status installed dpkg:amd64 1.21.1ubuntu2
2024-09-11 06:41:30 configure mount:amd64 2.37.2-4ubuntu3 <none>
2024-09-11 06:41:30 status unpacked mount:amd64 2.37.2-4ubuntu3
2024-09-11 06:41:30 status half-configured mount:amd64 2.37.2-4ubuntu3
2024-09-11 06:41:30 status installed mount:amd64 2.37.2-4ubuntu3
2024-09-11 06:41:30 configure grep:amd64 3.7-1build1 <none>
2024-09-11 06:41:30 status unpacked grep:amd64 3.7-1build1
2024-09-11 06:41:30 status half-configured grep:amd64 3.7-1build1
2024-09-11 06:41:30 status installed grep:amd64 3.7-1build1
2024-09-11 06:41:30 configure perl-base:amd64 5.34.0-3ubuntu1 <none>
2024-09-11 06:41:30 status unpacked perl-base:amd64 5.34.0-3ubuntu1
2024-09-11 06:41:30 status half-configured perl-base:amd64 5.34.0-3ubuntu1
2024-09-11 06:41:30 status installed perl-base:amd64 5.34.0-3ubuntu1
2024-09-11 06:41:30 configure init-system-helpers:all 1.62 <none>
2024-09-11 06:41:30 status unpacked init-system-helpers:all 1.62
2024-09-11 06:41:30 status half-configured init-system-helpers:all 1.62
2024-09-11 06:41:30 status installed init-system-helpers:all 1.62
2024-09-11 06:41:30 configure gzip:amd64 1.10-4ubuntu4 <none>
2024-09-11 06:41:30 status unpacked gzip:amd64 1.10-4ubuntu4
2024-09-11 06:41:30 status half-configured gzip:amd64 1.10-4ubuntu4
2024-09-11 06:41:30 status installed gzip:amd64 1.10-4ubuntu4
2024-09-11 06:41:30 configure usrmerge:all 25ubuntu2 <none>
2024-09-11 06:41:30 status unpacked usrmerge:all 25ubuntu2
2024-09-11 06:41:30 status half-configured usrmerge:all 25ubuntu2
2024-09-11 06:41:30 status installed usrmerge:all 25ubuntu2
2024-09-11 06:41:30 configure procps:amd64 2:3.3.17-6ubuntu2 <none>
2024-09-11 06:41:30 status unpacked procps:amd64 2:3.3.17-6ubuntu2
2024-09-11 06:41:30 status half-configured procps:amd64 2:3.3.17-6ubuntu2
2024-09-11 06:41:30 status installed procps:amd64 2:3.3.17-6ubuntu2
2024-09-11 06:41:30 configure debconf:all 1.5.79ubuntu1 <none>
2024-09-11 06:41:30 status unpacked debconf:all 1.5.79ubuntu1
2024-09-11 06:41:30 status half-configured debconf:all 1.5.79ubuntu1
2024-09-11 06:41:30 status installed debconf:all 1.5.79ubuntu1
2024-09-11 06:41:30 configure libpam0g:amd64 1.4.0-11ubuntu2 <none>
2024-09-11 06:41:30 status unpacked libpam0g:amd64 1.4.0-11ubuntu2
2024-09-11 06:41:30 status half-configured libpam0g:amd64 1.4.0-11ubuntu2
2024-09-11 06:41:30 status installed libpam0g:amd64 1.4.0-11ubuntu2
2024-09-11 06:41:30 configure util-linux:amd64 2.37.2-4ubuntu3 <none>
2024-09-11 06:41:30 status unpacked util-linux:amd64 2.37.2-4ubuntu3
2024-09-11 06:41:30 status half-configured util-linux:amd64 2.37.2-4ubuntu3
2024-09-11 06:41:30 status installed util-linux:amd64 2.37.2-4ubuntu3
2024-09-11 06:41:30 configure dash:amd64 0.5.11+git20210903+057cd650a4ed-3build1 <none>
2024-09-11 06:41:30 status unpacked dash:amd64 0.5.11+git20210903+057cd650a4ed-3build1
2024-09-11 06:41:30 status half-configured dash:amd64 0.5.11+git20210903+057cd650a4ed-3build1
2024-09-11 06:41:30 status installed dash:amd64 0.5.11+git20210903+057cd650a4ed-3build1
2024-09-11 06:41:30 configure libpam-modules-bin:amd64 1.4.0-11ubuntu2 <none>
2024-09-11 06:41:30 status unpacked libpam-modules-bin:amd64 1.4.0-11ubuntu2
2024-09-11 06:41:30 status half-configured libpam-modules-bin:amd64 1.4.0-11ubuntu2
2024-09-11 06:41:30 status installed libpam-modules-bin:amd64 1.4.0-11ubuntu2
2024-09-11 06:41:30 configure libssl3:amd64 3.0.2-0ubuntu1 <none>
2024-09-11 06:41:30 status unpacked libssl3:amd64 3.0.2-0ubuntu1
2024-09-11 06:41:30 status half-configured libssl3:amd64 3.0.2-0ubuntu1
2024-09-11 06:41:30 status installed libssl3:amd64 3.0.2-0ubuntu1
2024-09-11 06:41:30 configure libkrb5-3:amd64 1.19.2-2 <none>
2024-09-11 06:41:30 status unpacked libkrb5-3:amd64 1.19.2-2
2024-09-11 06:41:30 status half-configured libkrb5-3:amd64 1.19.2-2
2024-09-11 06:41:30 status installed libkrb5-3:amd64 1.19.2-2
2024-09-11 06:41:30 configure libgssapi-krb5-2:amd64 1.19.2-2 <none>
2024-09-11 06:41:30 status unpacked libgssapi-krb5-2:amd64 1.19.2-2
2024-09-11 06:41:30 status half-configured libgssapi-krb5-2:amd64 1.19.2-2
2024-09-11 06:41:30 status installed libgssapi-krb5-2:amd64 1.19.2-2
2024-09-11 06:41:30 configure libtirpc3:amd64 1.3.2-2build1 <none>
2024-09-11 06:41:30 status unpacked libtirpc3:amd64 1.3.2-2build1
2024-09-11 06:41:30 status half-configured libtirpc3:amd64 1.3.2-2build1
2024-09-11 06:41:30 status installed libtirpc3:amd64 1.3.2-2build1
2024-09-11 06:41:30 configure libnsl2:amd64 1.3.0-2build2 <none>
2024-09-11 06:41:30 status unpacked libnsl2:amd64 1.3.0-2build2
2024-09-11 06:41:30 status half-configured libnsl2:amd64 1.3.0-2build2
2024-09-11 06:41:30 status installed libnsl2:amd64 1.3.0-2build2
2024-09-11 06:41:30 configure libpam-modules:amd64 1.4.0-11ubuntu2 <none>
2024-09-11 06:41:30 status unpacked libpam-modules:amd64 1.4.0-11ubuntu2
2024-09-11 06:41:30 status half-configured libpam-modules:amd64 1.4.0-11ubuntu2
2024-09-11 06:41:30 status installed libpam-modules:amd64 1.4.0-11ubuntu2
2024-09-11 06:41:30 configure passwd:amd64 1:4.8.1-2ubuntu2 <none>
2024-09-11 06:41:30 status unpacked passwd:amd64 1:4.8.1-2ubuntu2
2024-09-11 06:41:30 status half-configured passwd:amd64 1:4.8.1-2ubuntu2
2024-09-11 06:41:30 status installed passwd:amd64 1:4.8.1-2ubuntu2
2024-09-11 06:41:30 configure libpam-runtime:all 1.4.0-11ubuntu2 <none>
2024-09-11 06:41:30 status unpacked libpam-runtime:all 1.4.0-11ubuntu2
2024-09-11 06:41:30 status half-configured libpam-runtime:all 1.4.0-11ubuntu2
2024-09-11 06:41:30 status installed libpam-runtime:all 1.4.0-11ubuntu2
2024-09-11 06:41:30 configure login:amd64 1:4.8.1-2ubuntu2 <none>
2024-09-11 06:41:30 status unpacked login:amd64 1:4.8.1-2ubuntu2
2024-09-11 06:41:30 status half-configured login:amd64 1:4.8.1-2ubuntu2
2024-09-11 06:41:30 status installed login:amd64 1:4.8.1-2ubuntu2
2024-09-11 06:41:30 trigproc libc-bin:amd64 2.35-0ubuntu3 <none>
2024-09-11 06:41:30 status half-configured libc-bin:amd64 2.35-0ubuntu3
2024-09-11 06:41:30 status installed libc-bin:amd64 2.35-0ubuntu3
2024-09-11 06:41:30 startup archives unpack
2024-09-11 06:41:31 install adduser:all <none> 3.118ubuntu5
2024-09-11 06:41:31 status half-installed adduser:all 3.118ubuntu5
2024-09-11 06:41:31 status unpacked adduser:all 3.118ubuntu5
2024-09-11 06:41:31 install apt:amd64 <none> 2.4.5
2024-09-11 06:41:31 status triggers-pending libc-bin:amd64 2.35-0ubuntu3
2024-09-11 06:41:31 status half-installed apt:amd64 2.4.5
2024-09-11 06:41:31 status unpacked apt:amd64 2.4.5
2024-09-11 06:41:31 install gpgv:amd64 <none> 2.2.27-3ubuntu2
2024-09-11 06:41:31 status half-installed gpgv:amd64 2.2.27-3ubuntu2
2024-09-11 06:41:31 status unpacked gpgv:amd64 2.2.27-3ubuntu2
2024-09-11 06:41:31 install libapt-pkg6.0:amd64 <none> 2.4.5
2024-09-11 06:41:31 status half-installed libapt-pkg6.0:amd64 2.4.5
2024-09-11 06:41:31 status unpacked libapt-pkg6.0:amd64 2.4.5
2024-09-11 06:41:31 install libffi8:amd64 <none> 3.4.2-4
2024-09-11 06:41:31 status half-installed libffi8:amd64 3.4.2-4
2024-09-11 06:41:31 status unpacked libffi8:amd64 3.4.2-4
2024-09-11 06:41:31 install libgnutls30:amd64 <none> 3.7.3-4ubuntu1
2024-09-11 06:41:31 status half-installed libgnutls30:amd64 3.7.3-4ubuntu1
2024-09-11 06:41:31 status unpacked libgnutls30:amd64 3.7.3-4ubuntu1
2024-09-11 06:41:31 install libhogweed6:amd64 <none> 3.7.3-1build2
2024-09-11 06:41:31 status half-installed libhogweed6:amd64 3.7.3-1build2
2024-09-11 06:41:31 status unpacked libhogweed6:amd64 3.7.3-1build2
2024-09-11 06:41:31 install libidn2-0:amd64 <none> 2.3.2-2build1
2024-09-11 06:41:31 status half-installed libidn2-0:amd64 2.3.2-2build1
2024-09-11 06:41:31 status unpacked libidn2-0:amd64 2.3.2-2build1
2024-09-11 06:41:31 install libnettle8:amd64 <none> 3.7.3-1build2
2024-09-11 06:41:31 status half-installed libnettle8:amd64 3.7.3-1build2
2024-09-11 06:41:31 status unpacked libnettle8:amd64 3.7.3-1build2
2024-09-11 06:41:31 install libp11-kit0:amd64 <none> 0.24.0-6build1
2024-09-11 06:41:31 status half-installed libp11-kit0:amd64 0.24.0-6build1
2024-09-11 06:41:31 status unpacked libp11-kit0:amd64 0.24.0-6build1
2024-09-11 06:41:31 install libseccomp2:amd64 <none> 2.5.3-2ubuntu2
2024-09-11 06:41:31 status half-installed libseccomp2:amd64 2.5.3-2ubuntu2
2024-09-11 06:41:31 status unpacked libseccomp2:amd64 2.5.3-2ubuntu2
2024-09-11 06:41:31 install libstdc++6:amd64 <none> 12-20220319-1ubuntu1
2024-09-11 06:41:31 status half-installed libstdc++6:amd64 12-20220319-1ubuntu1
2024-09-11 06:41:31 status unpacked libstdc++6:amd64 12-20220319-1ubuntu1
2024-09-11 06:41:31 install libtasn1-6:amd64 <none> 4.18.0-4build1
2024-09-11 06:41:31 status half-installed libtasn1-6:amd64 4.18.0-4build1
2024-09-11 06:41:31 status unpacked libtasn1-6:amd64 4.18.0-4build1
2024-09-11 06:41:31 install libunistring2:amd64 <none> 1.0-1
2024-09-11 06:41:31 status half-installed libunistring2:amd64 1.0-1
2024-09-11 06:41:31 status unpacked libunistring2:amd64 1.0-1
2024-09-11 06:41:31 install libxxhash0:amd64 <none> 0.8.1-1
2024-09-11 06:41:31 status half-installed libxxhash0:amd64 0.8.1-1
2024-09-11 06:41:31 status unpacked libxxhash0:amd64 0.8.1-1
2024-09-11 06:41:31 install ubuntu-keyring:all <none> 2021.03.26
2024-09-11 06:41:31 status half-installed ubuntu-keyring:all 2021.03.26
2024-09-11 06:41:31 status unpacked ubuntu-keyring:all 2021.03.26
2024-09-11 06:41:31 trigproc libc-bin:amd64 2.35-0ubuntu3 <none>
2024-09-11 06:41:31 status half-configured libc-bin:amd64 2.35-0ubuntu3
2024-09-11 06:41:31 status installed libc-bin:amd64 2.35-0ubuntu3
2024-09-11 06:41:31 startup packages configure
2024-09-11 06:41:31 configure adduser:all 3.118ubuntu5 <none>
2024-09-11 06:41:31 status unpacked adduser:all 3.118ubuntu5
2024-09-11 06:41:31 status half-configured adduser:all 3.118ubuntu5
2024-09-11 06:41:31 status installed adduser:all 3.118ubuntu5
2024-09-11 06:41:31 configure libunistring2:amd64 1.0-1 <none>
2024-09-11 06:41:31 status triggers-pending libc-bin:amd64 2.35-0ubuntu3
2024-09-11 06:41:31 status unpacked libunistring2:amd64 1.0-1
2024-09-11 06:41:31 status half-configured libunistring2:amd64 1.0-1
2024-09-11 06:41:31 status installed libunistring2:amd64 1.0-1
2024-09-11 06:41:31 configure libidn2-0:amd64 2.3.2-2build1 <none>
2024-09-11 06:41:31 status unpacked libidn2-0:amd64 2.3.2-2build1
2024-09-11 06:41:31 status half-configured libidn2-0:amd64 2.3.2-2build1
2024-09-11 06:41:31 status installed libidn2-0:amd64 2.3.2-2build1
2024-09-11 06:41:31 configure ubuntu-keyring:all 2021.03.26 <none>
2024-09-11 06:41:31 status unpacked ubuntu-keyring:all 2021.03.26
2024-09-11 06:41:31 status half-configured ubuntu-keyring:all 2021.03.26
2024-09-11 06:41:31 status installed ubuntu-keyring:all 2021.03.26
2024-09-11 06:41:31 configure libseccomp2:amd64 2.5.3-2ubuntu2 <none>
2024-09-11 06:41:31 status unpacked libseccomp2:amd64 2.5.3-2ubuntu2
2024-09-11 06:41:31 status half-configured libseccomp2:amd64 2.5.3-2ubuntu2
2024-09-11 06:41:31 status installed libseccomp2:amd64 2.5.3-2ubuntu2
2024-09-11 06:41:31 configure libnettle8:amd64 3.7.3-1build2 <none>
2024-09-11 06:41:31 status unpacked libnettle8:amd64 3.7.3-1build2
2024-09-11 06:41:31 status half-configured libnettle8:amd64 3.7.3-1build2
2024-09-11 06:41:31 status installed libnettle8:amd64 3.7.3-1build2
2024-09-11 06:41:31 configure libffi8:amd64 3.4.2-4 <none>
2024-09-11 06:41:31 status unpacked libffi8:amd64 3.4.2-4
2024-09-11 06:41:31 status half-configured libffi8:amd64 3.4.2-4
2024-09-11 06:41:31 status installed libffi8:amd64 3.4.2-4
2024-09-11 06:41:31 configure gpgv:amd64 2.2.27-3ubuntu2 <none>
2024-09-11 06:41:31 status unpacked gpgv:amd64 2.2.27-3ubuntu2
2024-09-11 06:41:31 status half-configured gpgv:amd64 2.2.27-3ubuntu2
2024-09-11 06:41:31 status installed gpgv:amd64 2.2.27-3ubuntu2
2024-09-11 06:41:31 configure libxxhash0:amd64 0.8.1-1 <none>
2024-09-11 06:41:31 status unpacked libxxhash0:amd64 0.8.1-1
2024-09-11 06:41:31 status half-configured libxxhash0:amd64 0.8.1-1
2024-09-11 06:41:31 status installed libxxhash0:amd64 0.8.1-1
2024-09-11 06:41:31 configure libtasn1-6:amd64 4.18.0-4build1 <none>
2024-09-11 06:41:31 status unpacked libtasn1-6:amd64 4.18.0-4build1
2024-09-11 06:41:31 status half-configured libtasn1-6:amd64 4.18.0-4build1
2024-09-11 06:41:31 status installed libtasn1-6:amd64 4.18.0-4build1
2024-09-11 06:41:31 configure libstdc++6:amd64 12-20220319-1ubuntu1 <none>
2024-09-11 06:41:31 status unpacked libstdc++6:amd64 12-20220319-1ubuntu1
2024-09-11 06:41:31 status half-configured libstdc++6:amd64 12-20220319-1ubuntu1
2024-09-11 06:41:31 status installed libstdc++6:amd64 12-20220319-1ubuntu1
2024-09-11 06:41:31 configure libhogweed6:amd64 3.7.3-1build2 <none>
2024-09-11 06:41:31 status unpacked libhogweed6:amd64 3.7.3-1build2
2024-09-11 06:41:31 status half-configured libhogweed6:amd64 3.7.3-1build2
2024-09-11 06:41:31 status installed libhogweed6:amd64 3.7.3-1build2
2024-09-11 06:41:31 configure libapt-pkg6.0:amd64 2.4.5 <none>
2024-09-11 06:41:31 status unpacked libapt-pkg6.0:amd64 2.4.5
2024-09-11 06:41:31 status half-configured libapt-pkg6.0:amd64 2.4.5
2024-09-11 06:41:31 status installed libapt-pkg6.0:amd64 2.4.5
2024-09-11 06:41:31 configure libp11-kit0:amd64 0.24.0-6build1 <none>
2024-09-11 06:41:31 status unpacked libp11-kit0:amd64 0.24.0-6build1
2024-09-11 06:41:31 status half-configured libp11-kit0:amd64 0.24.0-6build1
2024-09-11 06:41:31 status installed libp11-kit0:amd64 0.24.0-6build1
2024-09-11 06:41:31 configure libgnutls30:amd64 3.7.3-4ubuntu1 <none>
2024-09-11 06:41:31 status unpacked libgnutls30:amd64 3.7.3-4ubuntu1
2024-09-11 06:41:31 status half-configured libgnutls30:amd64 3.7.3-4ubuntu1
2024-09-11 06:41:31 status installed libgnutls30:amd64 3.7.3-4ubuntu1
2024-09-11 06:41:31 configure apt:amd64 2.4.5 <none>
2024-09-11 06:41:31 status unpacked apt:amd64 2.4.5
2024-09-11 06:41:31 status half-configured apt:amd64 2.4.5
2024-09-11 06:41:32 status installed apt:amd64 2.4.5
2024-09-11 06:41:32 trigproc libc-bin:amd64 2.35-0ubuntu3 <none>
2024-09-11 06:41:32 status half-configured libc-bin:amd64 2.35-0ubuntu3
2024-09-11 06:41:32 status installed libc-bin:amd64 2.35-0ubuntu3
2024-09-11 06:41:33 startup archives unpack
2024-09-11 06:41:33 upgrade adduser:all 3.118ubuntu5 3.118ubuntu5
2024-09-11 06:41:33 status half-configured adduser:all 3.118ubuntu5
2024-09-11 06:41:33 status unpacked adduser:all 3.118ubuntu5
2024-09-11 06:41:33 status half-installed adduser:all 3.118ubuntu5
2024-09-11 06:41:33 status unpacked adduser:all 3.118ubuntu5
2024-09-11 06:41:34 startup packages configure
2024-09-11 06:41:34 configure adduser:all 3.118ubuntu5 <none>
2024-09-11 06:41:34 status unpacked adduser:all 3.118ubuntu5
2024-09-11 06:41:34 status half-configured adduser:all 3.118ubuntu5
2024-09-11 06:41:34 status installed adduser:all 3.118ubuntu5
2024-09-11 06:41:34 startup packages configure
2024-09-11 06:41:35 startup archives unpack
2024-09-11 06:41:35 upgrade apt:amd64 2.4.5 2.4.5
2024-09-11 06:41:35 status triggers-pending libc-bin:amd64 2.35-0ubuntu3
2024-09-11 06:41:35 status half-configured apt:amd64 2.4.5
2024-09-11 06:41:35 status unpacked apt:amd64 2.4.5
2024-09-11 06:41:35 status half-installed apt:amd64 2.4.5
2024-09-11 06:41:35 status unpacked apt:amd64 2.4.5
2024-09-11 06:41:35 startup packages configure
2024-09-11 06:41:35 configure apt:amd64 2.4.5 <none>
2024-09-11 06:41:35 status unpacked apt:amd64 2.4.5
2024-09-11 06:41:35 status half-configured apt:amd64 2.4.5
2024-09-11 06:41:36 status installed apt:amd64 2.4.5
2024-09-11 06:41:36 startup packages configure
2024-09-11 06:41:36 trigproc libc-bin:amd64 2.35-0ubuntu3 <none>
2024-09-11 06:41:36 status half-configured libc-bin:amd64 2.35-0ubuntu3
2024-09-11 06:41:36 status installed libc-bin:amd64 2.35-0ubuntu3
2024-09-11 06:41:37 startup archives unpack
2024-09-11 06:41:37 upgrade base-files:amd64 12ubuntu4 12ubuntu4
2024-09-11 06:41:37 status half-configured base-files:amd64 12ubuntu4
2024-09-11 06:41:37 status unpacked base-files:amd64 12ubuntu4
2024-09-11 06:41:37 status half-installed base-files:amd64 12ubuntu4
2024-09-11 06:41:37 status unpacked base-files:amd64 12ubuntu4
2024-09-11 06:41:38 startup packages configure
2024-09-11 06:41:38 configure base-files:amd64 12ubuntu4 <none>
2024-09-11 06:41:38 status unpacked base-files:amd64 12ubuntu4
2024-09-11 06:41:38 status half-configured base-files:amd64 12ubuntu4
2024-09-11 06:41:38 status installed base-files:amd64 12ubuntu4
2024-09-11 06:41:38 startup packages configure
2024-09-11 06:41:40 startup archives unpack
2024-09-11 06:41:40 upgrade base-passwd:amd64 3.5.52build1 3.5.52build1
2024-09-11 06:41:40 status half-configured base-passwd:amd64 3.5.52build1
2024-09-11 06:41:40 status unpacked base-passwd:amd64 3.5.52build1
2024-09-11 06:41:40 status half-installed base-passwd:amd64 3.5.52build1
2024-09-11 06:41:40 status unpacked base-passwd:amd64 3.5.52build1
2024-09-11 06:41:40 startup packages configure
2024-09-11 06:41:40 configure base-passwd:amd64 3.5.52build1 <none>
2024-09-11 06:41:40 status unpacked base-passwd:amd64 3.5.52build1
2024-09-11 06:41:40 status half-configured base-passwd:amd64 3.5.52build1
2024-09-11 06:41:40 status installed base-passwd:amd64 3.5.52build1
2024-09-11 06:41:40 startup packages configure
2024-09-11 06:41:42 startup archives unpack
2024-09-11 06:41:42 upgrade bash:amd64 5.1-6ubuntu1 5.1-6ubuntu1
2024-09-11 06:41:42 status half-configured bash:amd64 5.1-6ubuntu1
2024-09-11 06:41:42 status unpacked bash:amd64 5.1-6ubuntu1
2024-09-11 06:41:42 status half-installed bash:amd64 5.1-6ubuntu1
2024-09-11 06:41:42 status unpacked bash:amd64 5.1-6ubuntu1
2024-09-11 06:41:42 startup packages configure
2024-09-11 06:41:42 configure bash:amd64 5.1-6ubuntu1 <none>
2024-09-11 06:41:42 status unpacked bash:amd64 5.1-6ubuntu1
2024-09-11 06:41:42 status half-configured bash:amd64 5.1-6ubuntu1
2024-09-11 06:41:42 status installed bash:amd64 5.1-6ubuntu1
2024-09-11 06:41:42 startup packages configure
2024-09-11 06:41:43 startup archives unpack
2024-09-11 06:41:43 upgrade bsdutils:amd64 1:2.37.2-4ubuntu3 1:2.37.2-4ubuntu3
2024-09-11 06:41:43 status half-configured bsdutils:amd64 1:2.37.2-4ubuntu3
2024-09-11 06:41:43 status unpacked bsdutils:amd64 1:2.37.2-4ubuntu3
2024-09-11 06:41:43 status half-installed bsdutils:amd64 1:2.37.2-4ubuntu3
2024-09-11 06:41:43 status unpacked bsdutils:amd64 1:2.37.2-4ubuntu3
2024-09-11 06:41:44 startup packages configure
2024-09-11 06:41:44 configure bsdutils:amd64 1:2.37.2-4ubuntu3 <none>
2024-09-11 06:41:44 status unpacked bsdutils:amd64 1:2.37.2-4ubuntu3
2024-09-11 06:41:44 status half-configured bsdutils:amd64 1:2.37.2-4ubuntu3
2024-09-11 06:41:44 status installed bsdutils:amd64 1:2.37.2-4ubuntu3
2024-09-11 06:41:44 startup packages configure
2024-09-11 06:41:45 startup archives unpack
2024-09-11 06:41:45 upgrade coreutils:amd64 8.32-4.1ubuntu1 8.32-4.1ubuntu1
2024-09-11 06:41:45 status half-configured coreutils:amd64 8.32-4.1ubuntu1
2024-09-11 06:41:45 status unpacked coreutils:amd64 8.32-4.1ubuntu1
2024-09-11 06:41:45 status half-installed coreutils:amd64 8.32-4.1ubuntu1
2024-09-11 06:41:45 status unpacked coreutils:amd64 8.32-4.1ubuntu1
2024-09-11 06:41:45 startup packages configure
2024-09-11 06:41:45 configure coreutils:amd64 8.32-4.1ubuntu1 <none>
2024-09-11 06:41:45 status unpacked coreutils:amd64 8.32-4.1ubuntu1
2024-09-11 06:41:45 status half-configured coreutils:amd64 8.32-4.1ubuntu1
2024-09-11 06:41:45 status installed coreutils:amd64 8.32-4.1ubuntu1
2024-09-11 06:41:46 startup packages configure
2024-09-11 06:41:47 startup archives unpack
2024-09-11 06:41:47 upgrade dash:amd64 0.5.11+git20210903+057cd650a4ed-3build1 0.5.11+git20210903+057cd650a4ed-3build1
2024-09-11 06:41:47 status half-configured dash:amd64 0.5.11+git20210903+057cd650a4ed-3build1
2024-09-11 06:41:47 status unpacked dash:amd64 0.5.11+git20210903+057cd650a4ed-3build1
2024-09-11 06:41:47 status half-installed dash:amd64 0.5.11+git20210903+057cd650a4ed-3build1
2024-09-11 06:41:47 status unpacked dash:amd64 0.5.11+git20210903+057cd650a4ed-3build1
2024-09-11 06:41:47 startup packages configure
2024-09-11 06:41:47 configure dash:amd64 0.5.11+git20210903+057cd650a4ed-3build1 <none>
2024-09-11 06:41:47 status unpacked dash:amd64 0.5.11+git20210903+057cd650a4ed-3build1
2024-09-11 06:41:47 status half-configured dash:amd64 0.5.11+git20210903+057cd650a4ed-3build1
2024-09-11 06:41:47 status installed dash:amd64 0.5.11+git20210903+057cd650a4ed-3build1
2024-09-11 06:41:47 startup packages configure
2024-09-11 06:41:49 startup archives unpack
2024-09-11 06:41:49 upgrade debconf:all 1.5.79ubuntu1 1.5.79ubuntu1
2024-09-11 06:41:49 status half-configured debconf:all 1.5.79ubuntu1
2024-09-11 06:41:49 status unpacked debconf:all 1.5.79ubuntu1
2024-09-11 06:41:49 status half-installed debconf:all 1.5.79ubuntu1
2024-09-11 06:41:49 status unpacked debconf:all 1.5.79ubuntu1
2024-09-11 06:41:49 startup packages configure
2024-09-11 06:41:49 configure debconf:all 1.5.79ubuntu1 <none>
2024-09-11 06:41:49 status unpacked debconf:all 1.5.79ubuntu1
2024-09-11 06:41:49 status half-configured debconf:all 1.5.79ubuntu1
2024-09-11 06:41:49 status installed debconf:all 1.5.79ubuntu1
2024-09-11 06:41:49 startup packages configure
2024-09-11 06:41:51 startup archives unpack
2024-09-11 06:41:51 upgrade debianutils:amd64 5.5-1ubuntu2 5.5-1ubuntu2
2024-09-11 06:41:51 status half-configured debianutils:amd64 5.5-1ubuntu2
2024-09-11 06:41:51 status unpacked debianutils:amd64 5.5-1ubuntu2
2024-09-11 06:41:51 status half-installed debianutils:amd64 5.5-1ubuntu2
2024-09-11 06:41:51 status unpacked debianutils:amd64 5.5-1ubuntu2
2024-09-11 06:41:51 startup packages configure
2024-09-11 06:41:51 configure debianutils:amd64 5.5-1ubuntu2 <none>
2024-09-11 06:41:51 status unpacked debianutils:amd64 5.5-1ubuntu2
2024-09-11 06:41:51 status half-configured debianutils:amd64 5.5-1ubuntu2
2024-09-11 06:41:51 status installed debianutils:amd64 5.5-1ubuntu2
2024-09-11 06:41:51 startup packages configure
2024-09-11 06:41:53 startup archives unpack
2024-09-11 06:41:53 upgrade diffutils:amd64 1:3.8-0ubuntu2 1:3.8-0ubuntu2
2024-09-11 06:41:53 status half-configured diffutils:amd64 1:3.8-0ubuntu2
2024-09-11 06:41:53 status unpacked diffutils:amd64 1:3.8-0ubuntu2
2024-09-11 06:41:53 status half-installed diffutils:amd64 1:3.8-0ubuntu2
2024-09-11 06:41:53 status unpacked diffutils:amd64 1:3.8-0ubuntu2
2024-09-11 06:41:53 startup packages configure
2024-09-11 06:41:53 configure diffutils:amd64 1:3.8-0ubuntu2 <none>
2024-09-11 06:41:53 status unpacked diffutils:amd64 1:3.8-0ubuntu2
2024-09-11 06:41:53 status half-configured diffutils:amd64 1:3.8-0ubuntu2
2024-09-11 06:41:53 status installed diffutils:amd64 1:3.8-0ubuntu2
2024-09-11 06:41:53 startup packages configure
2024-09-11 06:41:54 startup archives unpack
2024-09-11 06:41:54 upgrade dpkg:amd64 1.21.1ubuntu2 1.21.1ubuntu2
2024-09-11 06:41:54 status half-configured dpkg:amd64 1.21.1ubuntu2
2024-09-11 06:41:54 status unpacked dpkg:amd64 1.21.1ubuntu2
2024-09-11 06:41:55 status half-installed dpkg:amd64 1.21.1ubuntu2
2024-09-11 06:41:55 status unpacked dpkg:amd64 1.21.1ubuntu2
2024-09-11 06:41:55 startup packages configure
2024-09-11 06:41:55 configure dpkg:amd64 1.21.1ubuntu2 <none>
2024-09-11 06:41:55 status unpacked dpkg:amd64 1.21.1ubuntu2
2024-09-11 06:41:55 status half-configured dpkg:amd64 1.21.1ubuntu2
2024-09-11 06:41:55 status installed dpkg:amd64 1.21.1ubuntu2
2024-09-11 06:41:55 startup packages configure
2024-09-11 06:41:57 startup archives unpack
2024-09-11 06:41:57 upgrade e2fsprogs:amd64 1.46.5-2ubuntu1 1.46.5-2ubuntu1
2024-09-11 06:41:57 status half-configured e2fsprogs:amd64 1.46.5-2ubuntu1
2024-09-11 06:41:57 status unpacked e2fsprogs:amd64 1.46.5-2ubuntu1
2024-09-11 06:41:57 status half-installed e2fsprogs:amd64 1.46.5-2ubuntu1
2024-09-11 06:41:57 status unpacked e2fsprogs:amd64 1.46.5-2ubuntu1
2024-09-11 06:41:57 startup packages configure
2024-09-11 06:41:57 configure e2fsprogs:amd64 1.46.5-2ubuntu1 <none>
2024-09-11 06:41:57 status unpacked e2fsprogs:amd64 1.46.5-2ubuntu1
2024-09-11 06:41:57 status half-configured e2fsprogs:amd64 1.46.5-2ubuntu1
2024-09-11 06:41:57 status installed e2fsprogs:amd64 1.46.5-2ubuntu1
2024-09-11 06:41:58 startup archives unpack
2024-09-11 06:41:58 upgrade findutils:amd64 4.8.0-1ubuntu3 4.8.0-1ubuntu3
2024-09-11 06:41:58 status half-configured findutils:amd64 4.8.0-1ubuntu3
2024-09-11 06:41:58 status unpacked findutils:amd64 4.8.0-1ubuntu3
2024-09-11 06:41:58 status half-installed findutils:amd64 4.8.0-1ubuntu3
2024-09-11 06:41:58 status unpacked findutils:amd64 4.8.0-1ubuntu3
2024-09-11 06:41:59 startup packages configure
2024-09-11 06:41:59 configure findutils:amd64 4.8.0-1ubuntu3 <none>
2024-09-11 06:41:59 status unpacked findutils:amd64 4.8.0-1ubuntu3
2024-09-11 06:41:59 status half-configured findutils:amd64 4.8.0-1ubuntu3
2024-09-11 06:41:59 status installed findutils:amd64 4.8.0-1ubuntu3
2024-09-11 06:41:59 startup packages configure
2024-09-11 06:42:00 startup archives unpack
2024-09-11 06:42:00 upgrade gcc-12-base:amd64 12-20220319-1ubuntu1 12-20220319-1ubuntu1
2024-09-11 06:42:00 status half-configured gcc-12-base:amd64 12-20220319-1ubuntu1
2024-09-11 06:42:00 status unpacked gcc-12-base:amd64 12-20220319-1ubuntu1
2024-09-11 06:42:00 status half-installed gcc-12-base:amd64 12-20220319-1ubuntu1
2024-09-11 06:42:00 status unpacked gcc-12-base:amd64 12-20220319-1ubuntu1
2024-09-11 06:42:00 startup packages configure
2024-09-11 06:42:00 configure gcc-12-base:amd64 12-20220319-1ubuntu1 <none>
2024-09-11 06:42:00 status unpacked gcc-12-base:amd64 12-20220319-1ubuntu1
2024-09-11 06:42:00 status half-configured gcc-12-base:amd64 12-20220319-1ubuntu1
2024-09-11 06:42:00 status installed gcc-12-base:amd64 12-20220319-1ubuntu1
2024-09-11 06:42:00 startup packages configure
2024-09-11 06:42:02 startup archives unpack
2024-09-11 06:42:02 upgrade gpgv:amd64 2.2.27-3ubuntu2 2.2.27-3ubuntu2
2024-09-11 06:42:02 status half-configured gpgv:amd64 2.2.27-3ubuntu2
2024-09-11 06:42:02 status unpacked gpgv:amd64 2.2.27-3ubuntu2
2024-09-11 06:42:02 status half-installed gpgv:amd64 2.2.27-3ubuntu2
2024-09-11 06:42:02 status unpacked gpgv:amd64 2.2.27-3ubuntu2
2024-09-11 06:42:02 startup packages configure
2024-09-11 06:42:02 configure gpgv:amd64 2.2.27-3ubuntu2 <none>
2024-09-11 06:42:02 status unpacked gpgv:amd64 2.2.27-3ubuntu2
2024-09-11 06:42:02 status half-configured gpgv:amd64 2.2.27-3ubuntu2
2024-09-11 06:42:02 status installed gpgv:amd64 2.2.27-3ubuntu2
2024-09-11 06:42:02 startup packages configure
2024-09-11 06:42:04 startup archives unpack
2024-09-11 06:42:04 upgrade grep:amd64 3.7-1build1 3.7-1build1
2024-09-11 06:42:04 status half-configured grep:amd64 3.7-1build1
2024-09-11 06:42:04 status unpacked grep:amd64 3.7-1build1
2024-09-11 06:42:04 status half-installed grep:amd64 3.7-1build1
2024-09-11 06:42:04 status unpacked grep:amd64 3.7-1build1
2024-09-11 06:42:04 startup packages configure
2024-09-11 06:42:04 configure grep:amd64 3.7-1build1 <none>
2024-09-11 06:42:04 status unpacked grep:amd64 3.7-1build1
2024-09-11 06:42:04 status half-configured grep:amd64 3.7-1build1
2024-09-11 06:42:04 status installed grep:amd64 3.7-1build1
2024-09-11 06:42:04 startup packages configure
2024-09-11 06:42:06 startup archives unpack
2024-09-11 06:42:06 upgrade gzip:amd64 1.10-4ubuntu4 1.10-4ubuntu4
2024-09-11 06:42:06 status half-configured gzip:amd64 1.10-4ubuntu4
2024-09-11 06:42:06 status unpacked gzip:amd64 1.10-4ubuntu4
2024-09-11 06:42:06 status half-installed gzip:amd64 1.10-4ubuntu4
2024-09-11 06:42:06 status unpacked gzip:amd64 1.10-4ubuntu4
2024-09-11 06:42:06 startup packages configure
2024-09-11 06:42:06 configure gzip:amd64 1.10-4ubuntu4 <none>
2024-09-11 06:42:06 status unpacked gzip:amd64 1.10-4ubuntu4
2024-09-11 06:42:06 status half-configured gzip:amd64 1.10-4ubuntu4
2024-09-11 06:42:06 status installed gzip:amd64 1.10-4ubuntu4
2024-09-11 06:42:06 startup packages configure
2024-09-11 06:42:07 startup archives unpack
2024-09-11 06:42:07 upgrade hostname:amd64 3.23ubuntu2 3.23ubuntu2
2024-09-11 06:42:07 status half-configured hostname:amd64 3.23ubuntu2
2024-09-11 06:42:07 status unpacked hostname:amd64 3.23ubuntu2
2024-09-11 06:42:07 status half-installed hostname:amd64 3.23ubuntu2
2024-09-11 06:42:07 status unpacked hostname:amd64 3.23ubuntu2
2024-09-11 06:42:08 startup packages configure
2024-09-11 06:42:08 configure hostname:amd64 3.23ubuntu2 <none>
2024-09-11 06:42:08 status unpacked hostname:amd64 3.23ubuntu2
2024-09-11 06:42:08 status half-configured hostname:amd64 3.23ubuntu2
2024-09-11 06:42:08 status installed hostname:amd64 3.23ubuntu2
2024-09-11 06:42:08 startup packages configure
2024-09-11 06:42:09 startup archives unpack
2024-09-11 06:42:09 upgrade init-system-helpers:all 1.62 1.62
2024-09-11 06:42:09 status half-configured init-system-helpers:all 1.62
2024-09-11 06:42:09 status unpacked init-system-helpers:all 1.62
2024-09-11 06:42:09 status half-installed init-system-helpers:all 1.62
2024-09-11 06:42:09 status unpacked init-system-helpers:all 1.62
2024-09-11 06:42:09 startup packages configure
2024-09-11 06:42:09 configure init-system-helpers:all 1.62 <none>
2024-09-11 06:42:09 status unpacked init-system-helpers:all 1.62
2024-09-11 06:42:09 status half-configured init-system-helpers:all 1.62
2024-09-11 06:42:09 status installed init-system-helpers:all 1.62
2024-09-11 06:42:10 startup packages configure
2024-09-11 06:42:11 startup archives unpack
2024-09-11 06:42:11 upgrade libacl1:amd64 2.3.1-1 2.3.1-1
2024-09-11 06:42:11 status triggers-pending libc-bin:amd64 2.35-0ubuntu3
2024-09-11 06:42:11 status half-configured libacl1:amd64 2.3.1-1
2024-09-11 06:42:11 status unpacked libacl1:amd64 2.3.1-1
2024-09-11 06:42:11 status half-installed libacl1:amd64 2.3.1-1
2024-09-11 06:42:11 status unpacked libacl1:amd64 2.3.1-1
2024-09-11 06:42:11 startup packages configure
2024-09-11 06:42:11 configure libacl1:amd64 2.3.1-1 <none>
2024-09-11 06:42:11 status unpacked libacl1:amd64 2.3.1-1
2024-09-11 06:42:11 status half-configured libacl1:amd64 2.3.1-1
2024-09-11 06:42:11 status installed libacl1:amd64 2.3.1-1
2024-09-11 06:42:11 startup packages configure
2024-09-11 06:42:11 trigproc libc-bin:amd64 2.35-0ubuntu3 <none>
2024-09-11 06:42:11 status half-configured libc-bin:amd64 2.35-0ubuntu3
2024-09-11 06:42:11 status installed libc-bin:amd64 2.35-0ubuntu3
2024-09-11 06:42:13 startup archives unpack
2024-09-11 06:42:13 upgrade libapt-pkg6.0:amd64 2.4.5 2.4.5
2024-09-11 06:42:13 status triggers-pending libc-bin:amd64 2.35-0ubuntu3
2024-09-11 06:42:13 status half-configured libapt-pkg6.0:amd64 2.4.5
2024-09-11 06:42:13 status unpacked libapt-pkg6.0:amd64 2.4.5
2024-09-11 06:42:13 status half-installed libapt-pkg6.0:amd64 2.4.5
2024-09-11 06:42:13 status unpacked libapt-pkg6.0:amd64 2.4.5
2024-09-11 06:42:13 startup packages configure
2024-09-11 06:42:13 configure libapt-pkg6.0:amd64 2.4.5 <none>
2024-09-11 06:42:13 status unpacked libapt-pkg6.0:amd64 2.4.5
2024-09-11 06:42:13 status half-configured libapt-pkg6.0:amd64 2.4.5
2024-09-11 06:42:13 status installed libapt-pkg6.0:amd64 2.4.5
2024-09-11 06:42:13 startup packages configure
2024-09-11 06:42:13 trigproc libc-bin:amd64 2.35-0ubuntu3 <none>
2024-09-11 06:42:13 status half-configured libc-bin:amd64 2.35-0ubuntu3
2024-09-11 06:42:13 status installed libc-bin:amd64 2.35-0ubuntu3
2024-09-11 06:42:15 startup archives unpack
2024-09-11 06:42:15 upgrade libattr1:amd64 1:2.5.1-1build1 1:2.5.1-1build1
2024-09-11 06:42:15 status triggers-pending libc-bin:amd64 2.35-0ubuntu3
2024-09-11 06:42:15 status half-configured libattr1:amd64 1:2.5.1-1build1
2024-09-11 06:42:15 status unpacked libattr1:amd64 1:2.5.1-1build1
2024-09-11 06:42:15 status half-installed libattr1:amd64 1:2.5.1-1build1
2024-09-11 06:42:15 status unpacked libattr1:amd64 1:2.5.1-1build1
2024-09-11 06:42:15 startup packages configure
2024-09-11 06:42:15 configure libattr1:amd64 1:2.5.1-1build1 <none>
2024-09-11 06:42:15 status unpacked libattr1:amd64 1:2.5.1-1build1
2024-09-11 06:42:15 status half-configured libattr1:amd64 1:2.5.1-1build1
2024-09-11 06:42:15 status installed libattr1:amd64 1:2.5.1-1build1
2024-09-11 06:42:15 startup packages configure
2024-09-11 06:42:15 trigproc libc-bin:amd64 2.35-0ubuntu3 <none>
2024-09-11 06:42:15 status half-configured libc-bin:amd64 2.35-0ubuntu3
2024-09-11 06:42:15 status installed libc-bin:amd64 2.35-0ubuntu3
2024-09-11 06:42:17 startup archives unpack
2024-09-11 06:42:17 upgrade libaudit-common:all 1:3.0.7-1build1 1:3.0.7-1build1
2024-09-11 06:42:17 status half-configured libaudit-common:all 1:3.0.7-1build1
2024-09-11 06:42:17 status unpacked libaudit-common:all 1:3.0.7-1build1
2024-09-11 06:42:17 status half-installed libaudit-common:all 1:3.0.7-1build1
2024-09-11 06:42:17 status unpacked libaudit-common:all 1:3.0.7-1build1
2024-09-11 06:42:17 startup packages configure
2024-09-11 06:42:17 configure libaudit-common:all 1:3.0.7-1build1 <none>
2024-09-11 06:42:17 status unpacked libaudit-common:all 1:3.0.7-1build1
2024-09-11 06:42:17 status half-configured libaudit-common:all 1:3.0.7-1build1
2024-09-11 06:42:17 status installed libaudit-common:all 1:3.0.7-1build1
2024-09-11 06:42:17 startup packages configure
2024-09-11 06:42:18 startup archives unpack
2024-09-11 06:42:18 upgrade libaudit1:amd64 1:3.0.7-1build1 1:3.0.7-1build1
2024-09-11 06:42:18 status triggers-pending libc-bin:amd64 2.35-0ubuntu3
2024-09-11 06:42:18 status half-configured libaudit1:amd64 1:3.0.7-1build1
2024-09-11 06:42:18 status unpacked libaudit1:amd64 1:3.0.7-1build1
2024-09-11 06:42:18 status half-installed libaudit1:amd64 1:3.0.7-1build1
2024-09-11 06:42:18 status unpacked libaudit1:amd64 1:3.0.7-1build1
2024-09-11 06:42:18 startup packages configure
2024-09-11 06:42:18 configure libaudit1:amd64 1:3.0.7-1build1 <none>
2024-09-11 06:42:18 status unpacked libaudit1:amd64 1:3.0.7-1build1
2024-09-11 06:42:18 status half-configured libaudit1:amd64 1:3.0.7-1build1
2024-09-11 06:42:18 status installed libaudit1:amd64 1:3.0.7-1build1
2024-09-11 06:42:19 startup packages configure
2024-09-11 06:42:19 trigproc libc-bin:amd64 2.35-0ubuntu3 <none>
2024-09-11 06:42:19 status half-configured libc-bin:amd64 2.35-0ubuntu3
2024-09-11 06:42:19 status installed libc-bin:amd64 2.35-0ubuntu3
2024-09-11 06:42:20 startup archives unpack
2024-09-11 06:42:20 upgrade libblkid1:amd64 2.37.2-4ubuntu3 2.37.2-4ubuntu3
2024-09-11 06:42:20 status triggers-pending libc-bin:amd64 2.35-0ubuntu3
2024-09-11 06:42:20 status half-configured libblkid1:amd64 2.37.2-4ubuntu3
2024-09-11 06:42:20 status unpacked libblkid1:amd64 2.37.2-4ubuntu3
2024-09-11 06:42:20 status half-installed libblkid1:amd64 2.37.2-4ubuntu3
2024-09-11 06:42:20 status unpacked libblkid1:amd64 2.37.2-4ubuntu3
2024-09-11 06:42:20 startup packages configure
2024-09-11 06:42:20 configure libblkid1:amd64 2.37.2-4ubuntu3 <none>
2024-09-11 06:42:20 status unpacked libblkid1:amd64 2.37.2-4ubuntu3
2024-09-11 06:42:20 status half-configured libblkid1:amd64 2.37.2-4ubuntu3
2024-09-11 06:42:20 status installed libblkid1:amd64 2.37.2-4ubuntu3
2024-09-11 06:42:20 startup packages configure
2024-09-11 06:42:20 trigproc libc-bin:amd64 2.35-0ubuntu3 <none>
2024-09-11 06:42:20 status half-configured libc-bin:amd64 2.35-0ubuntu3
2024-09-11 06:42:20 status installed libc-bin:amd64 2.35-0ubuntu3
2024-09-11 06:42:22 startup archives unpack
2024-09-11 06:42:22 upgrade libbz2-1.0:amd64 1.0.8-5build1 1.0.8-5build1
2024-09-11 06:42:22 status triggers-pending libc-bin:amd64 2.35-0ubuntu3
2024-09-11 06:42:22 status half-configured libbz2-1.0:amd64 1.0.8-5build1
2024-09-11 06:42:22 status unpacked libbz2-1.0:amd64 1.0.8-5build1
2024-09-11 06:42:22 status half-installed libbz2-1.0:amd64 1.0.8-5build1
2024-09-11 06:42:22 status unpacked libbz2-1.0:amd64 1.0.8-5build1
2024-09-11 06:42:22 startup packages configure
2024-09-11 06:42:22 configure libbz2-1.0:amd64 1.0.8-5build1 <none>
2024-09-11 06:42:22 status unpacked libbz2-1.0:amd64 1.0.8-5build1
2024-09-11 06:42:22 status half-configured libbz2-1.0:amd64 1.0.8-5build1
2024-09-11 06:42:22 status installed libbz2-1.0:amd64 1.0.8-5build1
2024-09-11 06:42:22 startup packages configure
2024-09-11 06:42:22 trigproc libc-bin:amd64 2.35-0ubuntu3 <none>
2024-09-11 06:42:22 status half-configured libc-bin:amd64 2.35-0ubuntu3
2024-09-11 06:42:22 status installed libc-bin:amd64 2.35-0ubuntu3
2024-09-11 06:42:25 startup archives unpack
2024-09-11 06:42:25 upgrade libc-bin:amd64 2.35-0ubuntu3 2.35-0ubuntu3
2024-09-11 06:42:25 status half-configured libc-bin:amd64 2.35-0ubuntu3
2024-09-11 06:42:25 status unpacked libc-bin:amd64 2.35-0ubuntu3
2024-09-11 06:42:25 status half-installed libc-bin:amd64 2.35-0ubuntu3
2024-09-11 06:42:25 status unpacked libc-bin:amd64 2.35-0ubuntu3
2024-09-11 06:42:25 startup packages configure
2024-09-11 06:42:25 configure libc-bin:amd64 2.35-0ubuntu3 <none>
2024-09-11 06:42:25 status unpacked libc-bin:amd64 2.35-0ubuntu3
2024-09-11 06:42:25 status half-configured libc-bin:amd64 2.35-0ubuntu3
2024-09-11 06:42:25 status installed libc-bin:amd64 2.35-0ubuntu3
2024-09-11 06:42:25 startup packages configure
2024-09-11 06:42:26 startup archives unpack
2024-09-11 06:42:26 upgrade libc6:amd64 2.35-0ubuntu3 2.35-0ubuntu3
2024-09-11 06:42:26 status triggers-pending libc-bin:amd64 2.35-0ubuntu3
2024-09-11 06:42:26 status half-configured libc6:amd64 2.35-0ubuntu3
2024-09-11 06:42:26 status unpacked libc6:amd64 2.35-0ubuntu3
2024-09-11 06:42:26 status half-installed libc6:amd64 2.35-0ubuntu3
2024-09-11 06:42:27 status unpacked libc6:amd64 2.35-0ubuntu3
2024-09-11 06:42:27 startup packages configure
2024-09-11 06:42:27 configure libc6:amd64 2.35-0ubuntu3 <none>
2024-09-11 06:42:27 status unpacked libc6:amd64 2.35-0ubuntu3
2024-09-11 06:42:27 status half-configured libc6:amd64 2.35-0ubuntu3
2024-09-11 06:42:28 status installed libc6:amd64 2.35-0ubuntu3
2024-09-11 06:42:28 startup packages configure
2024-09-11 06:42:28 trigproc libc-bin:amd64 2.35-0ubuntu3 <none>
2024-09-11 06:42:28 status half-configured libc-bin:amd64 2.35-0ubuntu3
2024-09-11 06:42:28 status installed libc-bin:amd64 2.35-0ubuntu3
2024-09-11 06:42:30 startup archives unpack
2024-09-11 06:42:30 upgrade libcap-ng0:amd64 0.7.9-2.2build3 0.7.9-2.2build3
2024-09-11 06:42:30 status triggers-pending libc-bin:amd64 2.35-0ubuntu3
2024-09-11 06:42:30 status half-configured libcap-ng0:amd64 0.7.9-2.2build3
2024-09-11 06:42:30 status unpacked libcap-ng0:amd64 0.7.9-2.2build3
2024-09-11 06:42:30 status half-installed libcap-ng0:amd64 0.7.9-2.2build3
2024-09-11 06:42:30 status unpacked libcap-ng0:amd64 0.7.9-2.2build3
2024-09-11 06:42:30 startup packages configure
2024-09-11 06:42:30 configure libcap-ng0:amd64 0.7.9-2.2build3 <none>
2024-09-11 06:42:30 status unpacked libcap-ng0:amd64 0.7.9-2.2build3
2024-09-11 06:42:30 status half-configured libcap-ng0:amd64 0.7.9-2.2build3
2024-09-11 06:42:30 status installed libcap-ng0:amd64 0.7.9-2.2build3
2024-09-11 06:42:30 startup packages configure
2024-09-11 06:42:30 trigproc libc-bin:amd64 2.35-0ubuntu3 <none>
2024-09-11 06:42:30 status half-configured libc-bin:amd64 2.35-0ubuntu3
2024-09-11 06:42:30 status installed libc-bin:amd64 2.35-0ubuntu3
2024-09-11 06:42:31 startup archives unpack
2024-09-11 06:42:31 upgrade libcap2:amd64 1:2.44-1build3 1:2.44-1build3
2024-09-11 06:42:31 status triggers-pending libc-bin:amd64 2.35-0ubuntu3
2024-09-11 06:42:31 status half-configured libcap2:amd64 1:2.44-1build3
2024-09-11 06:42:31 status unpacked libcap2:amd64 1:2.44-1build3
2024-09-11 06:42:31 status half-installed libcap2:amd64 1:2.44-1build3
2024-09-11 06:42:31 status unpacked libcap2:amd64 1:2.44-1build3
2024-09-11 06:42:32 startup packages configure
2024-09-11 06:42:32 configure libcap2:amd64 1:2.44-1build3 <none>
2024-09-11 06:42:32 status unpacked libcap2:amd64 1:2.44-1build3
2024-09-11 06:42:32 status half-configured libcap2:amd64 1:2.44-1build3
2024-09-11 06:42:32 status installed libcap2:amd64 1:2.44-1build3
2024-09-11 06:42:32 startup packages configure
2024-09-11 06:42:32 trigproc libc-bin:amd64 2.35-0ubuntu3 <none>
2024-09-11 06:42:32 status half-configured libc-bin:amd64 2.35-0ubuntu3
2024-09-11 06:42:32 status installed libc-bin:amd64 2.35-0ubuntu3
2024-09-11 06:42:33 startup archives unpack
2024-09-11 06:42:33 upgrade libcom-err2:amd64 1.46.5-2ubuntu1 1.46.5-2ubuntu1
2024-09-11 06:42:33 status triggers-pending libc-bin:amd64 2.35-0ubuntu3
2024-09-11 06:42:33 status half-configured libcom-err2:amd64 1.46.5-2ubuntu1
2024-09-11 06:42:33 status unpacked libcom-err2:amd64 1.46.5-2ubuntu1
2024-09-11 06:42:33 status half-installed libcom-err2:amd64 1.46.5-2ubuntu1
2024-09-11 06:42:33 status unpacked libcom-err2:amd64 1.46.5-2ubuntu1
2024-09-11 06:42:33 startup packages configure
2024-09-11 06:42:33 configure libcom-err2:amd64 1.46.5-2ubuntu1 <none>
2024-09-11 06:42:33 status unpacked libcom-err2:amd64 1.46.5-2ubuntu1
2024-09-11 06:42:33 status half-configured libcom-err2:amd64 1.46.5-2ubuntu1
2024-09-11 06:42:33 status installed libcom-err2:amd64 1.46.5-2ubuntu1
2024-09-11 06:42:34 startup packages configure
2024-09-11 06:42:34 trigproc libc-bin:amd64 2.35-0ubuntu3 <none>
2024-09-11 06:42:34 status half-configured libc-bin:amd64 2.35-0ubuntu3
2024-09-11 06:42:34 status installed libc-bin:amd64 2.35-0ubuntu3
2024-09-11 06:42:35 startup archives unpack
2024-09-11 06:42:35 upgrade libcrypt1:amd64 1:4.4.27-1 1:4.4.27-1
2024-09-11 06:42:35 status triggers-pending libc-bin:amd64 2.35-0ubuntu3
2024-09-11 06:42:35 status half-configured libcrypt1:amd64 1:4.4.27-1
2024-09-11 06:42:35 status unpacked libcrypt1:amd64 1:4.4.27-1
2024-09-11 06:42:35 status half-installed libcrypt1:amd64 1:4.4.27-1
2024-09-11 06:42:35 status unpacked libcrypt1:amd64 1:4.4.27-1
2024-09-11 06:42:35 startup packages configure
2024-09-11 06:42:35 configure libcrypt1:amd64 1:4.4.27-1 <none>
2024-09-11 06:42:35 status unpacked libcrypt1:amd64 1:4.4.27-1
2024-09-11 06:42:35 status half-configured libcrypt1:amd64 1:4.4.27-1
2024-09-11 06:42:35 status installed libcrypt1:amd64 1:4.4.27-1
2024-09-11 06:42:35 startup packages configure
2024-09-11 06:42:35 trigproc libc-bin:amd64 2.35-0ubuntu3 <none>
2024-09-11 06:42:35 status half-configured libc-bin:amd64 2.35-0ubuntu3
2024-09-11 06:42:35 status installed libc-bin:amd64 2.35-0ubuntu3
2024-09-11 06:42:37 startup archives unpack
2024-09-11 06:42:37 upgrade libdb5.3:amd64 5.3.28+dfsg1-0.8ubuntu3 5.3.28+dfsg1-0.8ubuntu3
2024-09-11 06:42:37 status triggers-pending libc-bin:amd64 2.35-0ubuntu3
2024-09-11 06:42:37 status half-configured libdb5.3:amd64 5.3.28+dfsg1-0.8ubuntu3
2024-09-11 06:42:37 status unpacked libdb5.3:amd64 5.3.28+dfsg1-0.8ubuntu3
2024-09-11 06:42:37 status half-installed libdb5.3:amd64 5.3.28+dfsg1-0.8ubuntu3
2024-09-11 06:42:37 status unpacked libdb5.3:amd64 5.3.28+dfsg1-0.8ubuntu3
2024-09-11 06:42:37 startup packages configure
2024-09-11 06:42:37 configure libdb5.3:amd64 5.3.28+dfsg1-0.8ubuntu3 <none>
2024-09-11 06:42:37 status unpacked libdb5.3:amd64 5.3.28+dfsg1-0.8ubuntu3
2024-09-11 06:42:37 status half-configured libdb5.3:amd64 5.3.28+dfsg1-0.8ubuntu3
2024-09-11 06:42:37 status installed libdb5.3:amd64 5.3.28+dfsg1-0.8ubuntu3
2024-09-11 06:42:37 startup packages configure
2024-09-11 06:42:37 trigproc libc-bin:amd64 2.35-0ubuntu3 <none>
2024-09-11 06:42:37 status half-configured libc-bin:amd64 2.35-0ubuntu3
2024-09-11 06:42:37 status installed libc-bin:amd64 2.35-0ubuntu3
2024-09-11 06:42:39 startup archives unpack
2024-09-11 06:42:39 upgrade libdebconfclient0:amd64 0.261ubuntu1 0.261ubuntu1
2024-09-11 06:42:39 status triggers-pending libc-bin:amd64 2.35-0ubuntu3
2024-09-11 06:42:39 status half-configured libdebconfclient0:amd64 0.261ubuntu1
2024-09-11 06:42:39 status unpacked libdebconfclient0:amd64 0.261ubuntu1
2024-09-11 06:42:39 status half-installed libdebconfclient0:amd64 0.261ubuntu1
2024-09-11 06:42:39 status unpacked libdebconfclient0:amd64 0.261ubuntu1
2024-09-11 06:42:39 startup packages configure
2024-09-11 06:42:39 configure libdebconfclient0:amd64 0.261ubuntu1 <none>
2024-09-11 06:42:39 status unpacked libdebconfclient0:amd64 0.261ubuntu1
2024-09-11 06:42:39 status half-configured libdebconfclient0:amd64 0.261ubuntu1
2024-09-11 06:42:39 status installed libdebconfclient0:amd64 0.261ubuntu1
2024-09-11 06:42:39 startup packages configure
2024-09-11 06:42:39 trigproc libc-bin:amd64 2.35-0ubuntu3 <none>
2024-09-11 06:42:39 status half-configured libc-bin:amd64 2.35-0ubuntu3
2024-09-11 06:42:39 status installed libc-bin:amd64 2.35-0ubuntu3
2024-09-11 06:42:41 startup archives unpack
2024-09-11 06:42:41 upgrade libext2fs2:amd64 1.46.5-2ubuntu1 1.46.5-2ubuntu1
2024-09-11 06:42:41 status triggers-pending libc-bin:amd64 2.35-0ubuntu3
2024-09-11 06:42:41 status half-configured libext2fs2:amd64 1.46.5-2ubuntu1
2024-09-11 06:42:41 status unpacked libext2fs2:amd64 1.46.5-2ubuntu1
2024-09-11 06:42:41 status half-installed libext2fs2:amd64 1.46.5-2ubuntu1
2024-09-11 06:42:41 status unpacked libext2fs2:amd64 1.46.5-2ubuntu1
2024-09-11 06:42:41 startup packages configure
2024-09-11 06:42:41 configure libext2fs2:amd64 1.46.5-2ubuntu1 <none>
2024-09-11 06:42:41 status unpacked libext2fs2:amd64 1.46.5-2ubuntu1
2024-09-11 06:42:41 status half-configured libext2fs2:amd64 1.46.5-2ubuntu1
2024-09-11 06:42:41 status installed libext2fs2:amd64 1.46.5-2ubuntu1
2024-09-11 06:42:41 trigproc libc-bin:amd64 2.35-0ubuntu3 <none>
2024-09-11 06:42:41 status half-configured libc-bin:amd64 2.35-0ubuntu3
2024-09-11 06:42:41 status installed libc-bin:amd64 2.35-0ubuntu3
2024-09-11 06:42:42 startup archives unpack
2024-09-11 06:42:42 upgrade libffi8:amd64 3.4.2-4 3.4.2-4
2024-09-11 06:42:42 status triggers-pending libc-bin:amd64 2.35-0ubuntu3
2024-09-11 06:42:42 status half-configured libffi8:amd64 3.4.2-4
2024-09-11 06:42:42 status unpacked libffi8:amd64 3.4.2-4
2024-09-11 06:42:42 status half-installed libffi8:amd64 3.4.2-4
2024-09-11 06:42:42 status unpacked libffi8:amd64 3.4.2-4
2024-09-11 06:42:42 startup packages configure
2024-09-11 06:42:42 configure libffi8:amd64 3.4.2-4 <none>
2024-09-11 06:42:42 status unpacked libffi8:amd64 3.4.2-4
2024-09-11 06:42:42 status half-configured libffi8:amd64 3.4.2-4
2024-09-11 06:42:42 status installed libffi8:amd64 3.4.2-4
2024-09-11 06:42:43 startup packages configure
2024-09-11 06:42:43 trigproc libc-bin:amd64 2.35-0ubuntu3 <none>
2024-09-11 06:42:43 status half-configured libc-bin:amd64 2.35-0ubuntu3
2024-09-11 06:42:43 status installed libc-bin:amd64 2.35-0ubuntu3
2024-09-11 06:42:44 startup archives unpack
2024-09-11 06:42:44 upgrade libgcc-s1:amd64 12-20220319-1ubuntu1 12-20220319-1ubuntu1
2024-09-11 06:42:44 status triggers-pending libc-bin:amd64 2.35-0ubuntu3
2024-09-11 06:42:44 status half-configured libgcc-s1:amd64 12-20220319-1ubuntu1
2024-09-11 06:42:44 status unpacked libgcc-s1:amd64 12-20220319-1ubuntu1
2024-09-11 06:42:44 status half-installed libgcc-s1:amd64 12-20220319-1ubuntu1
2024-09-11 06:42:44 status unpacked libgcc-s1:amd64 12-20220319-1ubuntu1
2024-09-11 06:42:44 startup packages configure
2024-09-11 06:42:44 configure libgcc-s1:amd64 12-20220319-1ubuntu1 <none>
2024-09-11 06:42:44 status unpacked libgcc-s1:amd64 12-20220319-1ubuntu1
2024-09-11 06:42:44 status half-configured libgcc-s1:amd64 12-20220319-1ubuntu1
2024-09-11 06:42:44 status installed libgcc-s1:amd64 12-20220319-1ubuntu1
2024-09-11 06:42:44 startup packages configure
2024-09-11 06:42:44 trigproc libc-bin:amd64 2.35-0ubuntu3 <none>
2024-09-11 06:42:44 status half-configured libc-bin:amd64 2.35-0ubuntu3
2024-09-11 06:42:44 status installed libc-bin:amd64 2.35-0ubuntu3
2024-09-11 06:42:46 startup archives unpack
2024-09-11 06:42:46 upgrade libgcrypt20:amd64 1.9.4-3ubuntu3 1.9.4-3ubuntu3
2024-09-11 06:42:46 status triggers-pending libc-bin:amd64 2.35-0ubuntu3
2024-09-11 06:42:46 status half-configured libgcrypt20:amd64 1.9.4-3ubuntu3
2024-09-11 06:42:46 status unpacked libgcrypt20:amd64 1.9.4-3ubuntu3
2024-09-11 06:42:46 status half-installed libgcrypt20:amd64 1.9.4-3ubuntu3
2024-09-11 06:42:46 status unpacked libgcrypt20:amd64 1.9.4-3ubuntu3
2024-09-11 06:42:46 startup packages configure
2024-09-11 06:42:46 configure libgcrypt20:amd64 1.9.4-3ubuntu3 <none>
2024-09-11 06:42:46 status unpacked libgcrypt20:amd64 1.9.4-3ubuntu3
2024-09-11 06:42:46 status half-configured libgcrypt20:amd64 1.9.4-3ubuntu3
2024-09-11 06:42:46 status installed libgcrypt20:amd64 1.9.4-3ubuntu3
2024-09-11 06:42:46 startup packages configure
2024-09-11 06:42:46 trigproc libc-bin:amd64 2.35-0ubuntu3 <none>
2024-09-11 06:42:46 status half-configured libc-bin:amd64 2.35-0ubuntu3
2024-09-11 06:42:46 status installed libc-bin:amd64 2.35-0ubuntu3
2024-09-11 06:42:48 startup archives unpack
2024-09-11 06:42:48 upgrade libgmp10:amd64 2:6.2.1+dfsg-3ubuntu1 2:6.2.1+dfsg-3ubuntu1
2024-09-11 06:42:48 status triggers-pending libc-bin:amd64 2.35-0ubuntu3
2024-09-11 06:42:48 status half-configured libgmp10:amd64 2:6.2.1+dfsg-3ubuntu1
2024-09-11 06:42:48 status unpacked libgmp10:amd64 2:6.2.1+dfsg-3ubuntu1
2024-09-11 06:42:48 status half-installed libgmp10:amd64 2:6.2.1+dfsg-3ubuntu1
2024-09-11 06:42:48 status unpacked libgmp10:amd64 2:6.2.1+dfsg-3ubuntu1
2024-09-11 06:42:48 startup packages configure
2024-09-11 06:42:48 configure libgmp10:amd64 2:6.2.1+dfsg-3ubuntu1 <none>
2024-09-11 06:42:48 status unpacked libgmp10:amd64 2:6.2.1+dfsg-3ubuntu1
2024-09-11 06:42:48 status half-configured libgmp10:amd64 2:6.2.1+dfsg-3ubuntu1
2024-09-11 06:42:48 status installed libgmp10:amd64 2:6.2.1+dfsg-3ubuntu1
2024-09-11 06:42:48 startup packages configure
2024-09-11 06:42:48 trigproc libc-bin:amd64 2.35-0ubuntu3 <none>
2024-09-11 06:42:48 status half-configured libc-bin:amd64 2.35-0ubuntu3
2024-09-11 06:42:48 status installed libc-bin:amd64 2.35-0ubuntu3
2024-09-11 06:42:50 startup archives unpack
2024-09-11 06:42:50 upgrade libgnutls30:amd64 3.7.3-4ubuntu1 3.7.3-4ubuntu1
2024-09-11 06:42:50 status triggers-pending libc-bin:amd64 2.35-0ubuntu3
2024-09-11 06:42:50 status half-configured libgnutls30:amd64 3.7.3-4ubuntu1
2024-09-11 06:42:50 status unpacked libgnutls30:amd64 3.7.3-4ubuntu1
2024-09-11 06:42:50 status half-installed libgnutls30:amd64 3.7.3-4ubuntu1
2024-09-11 06:42:50 status unpacked libgnutls30:amd64 3.7.3-4ubuntu1
2024-09-11 06:42:50 startup packages configure
2024-09-11 06:42:50 configure libgnutls30:amd64 3.7.3-4ubuntu1 <none>
2024-09-11 06:42:50 status unpacked libgnutls30:amd64 3.7.3-4ubuntu1
2024-09-11 06:42:50 status half-configured libgnutls30:amd64 3.7.3-4ubuntu1
2024-09-11 06:42:50 status installed libgnutls30:amd64 3.7.3-4ubuntu1
2024-09-11 06:42:50 startup packages configure
2024-09-11 06:42:50 trigproc libc-bin:amd64 2.35-0ubuntu3 <none>
2024-09-11 06:42:50 status half-configured libc-bin:amd64 2.35-0ubuntu3
2024-09-11 06:42:50 status installed libc-bin:amd64 2.35-0ubuntu3
2024-09-11 06:42:51 startup archives unpack
2024-09-11 06:42:51 upgrade libgpg-error0:amd64 1.43-3 1.43-3
2024-09-11 06:42:51 status triggers-pending libc-bin:amd64 2.35-0ubuntu3
2024-09-11 06:42:51 status half-configured libgpg-error0:amd64 1.43-3
2024-09-11 06:42:51 status unpacked libgpg-error0:amd64 1.43-3
2024-09-11 06:42:51 status half-installed libgpg-error0:amd64 1.43-3
2024-09-11 06:42:51 status unpacked libgpg-error0:amd64 1.43-3
2024-09-11 06:42:52 startup packages configure
2024-09-11 06:42:52 configure libgpg-error0:amd64 1.43-3 <none>
2024-09-11 06:42:52 status unpacked libgpg-error0:amd64 1.43-3
2024-09-11 06:42:52 status half-configured libgpg-error0:amd64 1.43-3
2024-09-11 06:42:52 status installed libgpg-error0:amd64 1.43-3
2024-09-11 06:42:52 startup packages configure
2024-09-11 06:42:52 trigproc libc-bin:amd64 2.35-0ubuntu3 <none>
2024-09-11 06:42:52 status half-configured libc-bin:amd64 2.35-0ubuntu3
2024-09-11 06:42:52 status installed libc-bin:amd64 2.35-0ubuntu3
2024-09-11 06:42:53 startup archives unpack
2024-09-11 06:42:53 upgrade libgssapi-krb5-2:amd64 1.19.2-2 1.19.2-2
2024-09-11 06:42:53 status triggers-pending libc-bin:amd64 2.35-0ubuntu3
2024-09-11 06:42:53 status half-configured libgssapi-krb5-2:amd64 1.19.2-2
2024-09-11 06:42:53 status unpacked libgssapi-krb5-2:amd64 1.19.2-2
2024-09-11 06:42:53 status half-installed libgssapi-krb5-2:amd64 1.19.2-2
2024-09-11 06:42:53 status unpacked libgssapi-krb5-2:amd64 1.19.2-2
2024-09-11 06:42:54 startup packages configure
2024-09-11 06:42:54 configure libgssapi-krb5-2:amd64 1.19.2-2 <none>
2024-09-11 06:42:54 status unpacked libgssapi-krb5-2:amd64 1.19.2-2
2024-09-11 06:42:54 status half-configured libgssapi-krb5-2:amd64 1.19.2-2
2024-09-11 06:42:54 status installed libgssapi-krb5-2:amd64 1.19.2-2
2024-09-11 06:42:54 startup packages configure
2024-09-11 06:42:54 trigproc libc-bin:amd64 2.35-0ubuntu3 <none>
2024-09-11 06:42:54 status half-configured libc-bin:amd64 2.35-0ubuntu3
2024-09-11 06:42:54 status installed libc-bin:amd64 2.35-0ubuntu3
2024-09-11 06:42:55 startup archives unpack
2024-09-11 06:42:55 upgrade libhogweed6:amd64 3.7.3-1build2 3.7.3-1build2
2024-09-11 06:42:55 status triggers-pending libc-bin:amd64 2.35-0ubuntu3
2024-09-11 06:42:55 status half-configured libhogweed6:amd64 3.7.3-1build2
2024-09-11 06:42:55 status unpacked libhogweed6:amd64 3.7.3-1build2
2024-09-11 06:42:55 status half-installed libhogweed6:amd64 3.7.3-1build2
2024-09-11 06:42:55 status unpacked libhogweed6:amd64 3.7.3-1build2
2024-09-11 06:42:55 startup packages configure
2024-09-11 06:42:55 configure libhogweed6:amd64 3.7.3-1build2 <none>
2024-09-11 06:42:55 status unpacked libhogweed6:amd64 3.7.3-1build2
2024-09-11 06:42:55 status half-configured libhogweed6:amd64 3.7.3-1build2
2024-09-11 06:42:55 status installed libhogweed6:amd64 3.7.3-1build2
2024-09-11 06:42:55 startup packages configure
2024-09-11 06:42:55 trigproc libc-bin:amd64 2.35-0ubuntu3 <none>
2024-09-11 06:42:55 status half-configured libc-bin:amd64 2.35-0ubuntu3
2024-09-11 06:42:55 status installed libc-bin:amd64 2.35-0ubuntu3
2024-09-11 06:42:57 startup archives unpack
2024-09-11 06:42:57 upgrade libidn2-0:amd64 2.3.2-2build1 2.3.2-2build1
2024-09-11 06:42:57 status triggers-pending libc-bin:amd64 2.35-0ubuntu3
2024-09-11 06:42:57 status half-configured libidn2-0:amd64 2.3.2-2build1
2024-09-11 06:42:57 status unpacked libidn2-0:amd64 2.3.2-2build1
2024-09-11 06:42:57 status half-installed libidn2-0:amd64 2.3.2-2build1
2024-09-11 06:42:57 status unpacked libidn2-0:amd64 2.3.2-2build1
2024-09-11 06:42:57 startup packages configure
2024-09-11 06:42:57 configure libidn2-0:amd64 2.3.2-2build1 <none>
2024-09-11 06:42:57 status unpacked libidn2-0:amd64 2.3.2-2build1
2024-09-11 06:42:57 status half-configured libidn2-0:amd64 2.3.2-2build1
2024-09-11 06:42:57 status installed libidn2-0:amd64 2.3.2-2build1
2024-09-11 06:42:57 startup packages configure
2024-09-11 06:42:57 trigproc libc-bin:amd64 2.35-0ubuntu3 <none>
2024-09-11 06:42:57 status half-configured libc-bin:amd64 2.35-0ubuntu3
2024-09-11 06:42:57 status installed libc-bin:amd64 2.35-0ubuntu3
2024-09-11 06:42:59 startup archives unpack
2024-09-11 06:42:59 upgrade libk5crypto3:amd64 1.19.2-2 1.19.2-2
2024-09-11 06:42:59 status triggers-pending libc-bin:amd64 2.35-0ubuntu3
2024-09-11 06:42:59 status half-configured libk5crypto3:amd64 1.19.2-2
2024-09-11 06:42:59 status unpacked libk5crypto3:amd64 1.19.2-2
2024-09-11 06:42:59 status half-installed libk5crypto3:amd64 1.19.2-2
2024-09-11 06:42:59 status unpacked libk5crypto3:amd64 1.19.2-2
2024-09-11 06:42:59 startup packages configure
2024-09-11 06:42:59 configure libk5crypto3:amd64 1.19.2-2 <none>
2024-09-11 06:42:59 status unpacked libk5crypto3:amd64 1.19.2-2
2024-09-11 06:42:59 status half-configured libk5crypto3:amd64 1.19.2-2
2024-09-11 06:42:59 status installed libk5crypto3:amd64 1.19.2-2
2024-09-11 06:42:59 startup packages configure
2024-09-11 06:42:59 trigproc libc-bin:amd64 2.35-0ubuntu3 <none>
2024-09-11 06:42:59 status half-configured libc-bin:amd64 2.35-0ubuntu3
2024-09-11 06:42:59 status installed libc-bin:amd64 2.35-0ubuntu3
2024-09-11 06:43:01 startup archives unpack
2024-09-11 06:43:01 upgrade libkeyutils1:amd64 1.6.1-2ubuntu3 1.6.1-2ubuntu3
2024-09-11 06:43:01 status triggers-pending libc-bin:amd64 2.35-0ubuntu3
2024-09-11 06:43:01 status half-configured libkeyutils1:amd64 1.6.1-2ubuntu3
2024-09-11 06:43:01 status unpacked libkeyutils1:amd64 1.6.1-2ubuntu3
2024-09-11 06:43:01 status half-installed libkeyutils1:amd64 1.6.1-2ubuntu3
2024-09-11 06:43:01 status unpacked libkeyutils1:amd64 1.6.1-2ubuntu3
2024-09-11 06:43:01 startup packages configure
2024-09-11 06:43:01 configure libkeyutils1:amd64 1.6.1-2ubuntu3 <none>
2024-09-11 06:43:01 status unpacked libkeyutils1:amd64 1.6.1-2ubuntu3
2024-09-11 06:43:01 status half-configured libkeyutils1:amd64 1.6.1-2ubuntu3
2024-09-11 06:43:01 status installed libkeyutils1:amd64 1.6.1-2ubuntu3
2024-09-11 06:43:01 startup packages configure
2024-09-11 06:43:01 trigproc libc-bin:amd64 2.35-0ubuntu3 <none>
2024-09-11 06:43:01 status half-configured libc-bin:amd64 2.35-0ubuntu3
2024-09-11 06:43:01 status installed libc-bin:amd64 2.35-0ubuntu3
2024-09-11 06:43:03 startup archives unpack
2024-09-11 06:43:03 upgrade libkrb5-3:amd64 1.19.2-2 1.19.2-2
2024-09-11 06:43:03 status triggers-pending libc-bin:amd64 2.35-0ubuntu3
2024-09-11 06:43:03 status half-configured libkrb5-3:amd64 1.19.2-2
2024-09-11 06:43:03 status unpacked libkrb5-3:amd64 1.19.2-2
2024-09-11 06:43:03 status half-installed libkrb5-3:amd64 1.19.2-2
2024-09-11 06:43:03 status unpacked libkrb5-3:amd64 1.19.2-2
2024-09-11 06:43:03 startup packages configure
2024-09-11 06:43:03 configure libkrb5-3:amd64 1.19.2-2 <none>
2024-09-11 06:43:03 status unpacked libkrb5-3:amd64 1.19.2-2
2024-09-11 06:43:03 status half-configured libkrb5-3:amd64 1.19.2-2
2024-09-11 06:43:03 status installed libkrb5-3:amd64 1.19.2-2
2024-09-11 06:43:03 startup packages configure
2024-09-11 06:43:03 trigproc libc-bin:amd64 2.35-0ubuntu3 <none>
2024-09-11 06:43:03 status half-configured libc-bin:amd64 2.35-0ubuntu3
2024-09-11 06:43:03 status installed libc-bin:amd64 2.35-0ubuntu3
2024-09-11 06:43:04 startup archives unpack
2024-09-11 06:43:04 upgrade libkrb5support0:amd64 1.19.2-2 1.19.2-2
2024-09-11 06:43:04 status triggers-pending libc-bin:amd64 2.35-0ubuntu3
2024-09-11 06:43:04 status half-configured libkrb5support0:amd64 1.19.2-2
2024-09-11 06:43:04 status unpacked libkrb5support0:amd64 1.19.2-2
2024-09-11 06:43:04 status half-installed libkrb5support0:amd64 1.19.2-2
2024-09-11 06:43:04 status unpacked libkrb5support0:amd64 1.19.2-2
2024-09-11 06:43:05 startup packages configure
2024-09-11 06:43:05 configure libkrb5support0:amd64 1.19.2-2 <none>
2024-09-11 06:43:05 status unpacked libkrb5support0:amd64 1.19.2-2
2024-09-11 06:43:05 status half-configured libkrb5support0:amd64 1.19.2-2
2024-09-11 06:43:05 status installed libkrb5support0:amd64 1.19.2-2
2024-09-11 06:43:05 startup packages configure
2024-09-11 06:43:05 trigproc libc-bin:amd64 2.35-0ubuntu3 <none>
2024-09-11 06:43:05 status half-configured libc-bin:amd64 2.35-0ubuntu3
2024-09-11 06:43:05 status installed libc-bin:amd64 2.35-0ubuntu3
2024-09-11 06:43:06 startup archives unpack
2024-09-11 06:43:06 upgrade liblz4-1:amd64 1.9.3-2build2 1.9.3-2build2
2024-09-11 06:43:06 status triggers-pending libc-bin:amd64 2.35-0ubuntu3
2024-09-11 06:43:06 status half-configured liblz4-1:amd64 1.9.3-2build2
2024-09-11 06:43:06 status unpacked liblz4-1:amd64 1.9.3-2build2
2024-09-11 06:43:06 status half-installed liblz4-1:amd64 1.9.3-2build2
2024-09-11 06:43:06 status unpacked liblz4-1:amd64 1.9.3-2build2
2024-09-11 06:43:06 startup packages configure
2024-09-11 06:43:06 configure liblz4-1:amd64 1.9.3-2build2 <none>
2024-09-11 06:43:06 status unpacked liblz4-1:amd64 1.9.3-2build2
2024-09-11 06:43:06 status half-configured liblz4-1:amd64 1.9.3-2build2
2024-09-11 06:43:06 status installed liblz4-1:amd64 1.9.3-2build2
2024-09-11 06:43:06 startup packages configure
2024-09-11 06:43:06 trigproc libc-bin:amd64 2.35-0ubuntu3 <none>
2024-09-11 06:43:06 status half-configured libc-bin:amd64 2.35-0ubuntu3
2024-09-11 06:43:07 status installed libc-bin:amd64 2.35-0ubuntu3
2024-09-11 06:43:08 startup archives unpack
2024-09-11 06:43:08 upgrade liblzma5:amd64 5.2.5-2ubuntu1 5.2.5-2ubuntu1
2024-09-11 06:43:08 status triggers-pending libc-bin:amd64 2.35-0ubuntu3
2024-09-11 06:43:08 status half-configured liblzma5:amd64 5.2.5-2ubuntu1
2024-09-11 06:43:08 status unpacked liblzma5:amd64 5.2.5-2ubuntu1
2024-09-11 06:43:08 status half-installed liblzma5:amd64 5.2.5-2ubuntu1
2024-09-11 06:43:08 status unpacked liblzma5:amd64 5.2.5-2ubuntu1
2024-09-11 06:43:08 startup packages configure
2024-09-11 06:43:08 configure liblzma5:amd64 5.2.5-2ubuntu1 <none>
2024-09-11 06:43:08 status unpacked liblzma5:amd64 5.2.5-2ubuntu1
2024-09-11 06:43:08 status half-configured liblzma5:amd64 5.2.5-2ubuntu1
2024-09-11 06:43:08 status installed liblzma5:amd64 5.2.5-2ubuntu1
2024-09-11 06:43:08 startup packages configure
2024-09-11 06:43:08 trigproc libc-bin:amd64 2.35-0ubuntu3 <none>
2024-09-11 06:43:08 status half-configured libc-bin:amd64 2.35-0ubuntu3
2024-09-11 06:43:08 status installed libc-bin:amd64 2.35-0ubuntu3
2024-09-11 06:43:10 startup archives unpack
2024-09-11 06:43:10 upgrade libmount1:amd64 2.37.2-4ubuntu3 2.37.2-4ubuntu3
2024-09-11 06:43:10 status triggers-pending libc-bin:amd64 2.35-0ubuntu3
2024-09-11 06:43:10 status half-configured libmount1:amd64 2.37.2-4ubuntu3
2024-09-11 06:43:10 status unpacked libmount1:amd64 2.37.2-4ubuntu3
2024-09-11 06:43:10 status half-installed libmount1:amd64 2.37.2-4ubuntu3
2024-09-11 06:43:10 status unpacked libmount1:amd64 2.37.2-4ubuntu3
2024-09-11 06:43:10 startup packages configure
2024-09-11 06:43:10 configure libmount1:amd64 2.37.2-4ubuntu3 <none>
2024-09-11 06:43:10 status unpacked libmount1:amd64 2.37.2-4ubuntu3
2024-09-11 06:43:10 status half-configured libmount1:amd64 2.37.2-4ubuntu3
2024-09-11 06:43:10 status installed libmount1:amd64 2.37.2-4ubuntu3
2024-09-11 06:43:10 startup packages configure
2024-09-11 06:43:10 trigproc libc-bin:amd64 2.35-0ubuntu3 <none>
2024-09-11 06:43:10 status half-configured libc-bin:amd64 2.35-0ubuntu3
2024-09-11 06:43:10 status installed libc-bin:amd64 2.35-0ubuntu3
2024-09-11 06:43:12 startup archives unpack
2024-09-11 06:43:12 upgrade libncurses6:amd64 6.3-2 6.3-2
2024-09-11 06:43:12 status triggers-pending libc-bin:amd64 2.35-0ubuntu3
2024-09-11 06:43:12 status half-configured libncurses6:amd64 6.3-2
2024-09-11 06:43:12 status unpacked libncurses6:amd64 6.3-2
2024-09-11 06:43:12 status half-installed libncurses6:amd64 6.3-2
2024-09-11 06:43:12 status unpacked libncurses6:amd64 6.3-2
2024-09-11 06:43:12 startup packages configure
2024-09-11 06:43:12 configure libncurses6:amd64 6.3-2 <none>
2024-09-11 06:43:12 status unpacked libncurses6:amd64 6.3-2
2024-09-11 06:43:12 status half-configured libncurses6:amd64 6.3-2
2024-09-11 06:43:12 status installed libncurses6:amd64 6.3-2
2024-09-11 06:43:12 trigproc libc-bin:amd64 2.35-0ubuntu3 <none>
2024-09-11 06:43:12 status half-configured libc-bin:amd64 2.35-0ubuntu3
2024-09-11 06:43:12 status installed libc-bin:amd64 2.35-0ubuntu3
2024-09-11 06:43:13 startup archives unpack
2024-09-11 06:43:13 upgrade libncursesw6:amd64 6.3-2 6.3-2
2024-09-11 06:43:13 status triggers-pending libc-bin:amd64 2.35-0ubuntu3
2024-09-11 06:43:13 status half-configured libncursesw6:amd64 6.3-2
2024-09-11 06:43:13 status unpacked libncursesw6:amd64 6.3-2
2024-09-11 06:43:13 status half-installed libncursesw6:amd64 6.3-2
2024-09-11 06:43:13 status unpacked libncursesw6:amd64 6.3-2
2024-09-11 06:43:13 startup packages configure
2024-09-11 06:43:13 configure libncursesw6:amd64 6.3-2 <none>
2024-09-11 06:43:13 status unpacked libncursesw6:amd64 6.3-2
2024-09-11 06:43:13 status half-configured libncursesw6:amd64 6.3-2
2024-09-11 06:43:13 status installed libncursesw6:amd64 6.3-2
2024-09-11 06:43:13 trigproc libc-bin:amd64 2.35-0ubuntu3 <none>
2024-09-11 06:43:13 status half-configured libc-bin:amd64 2.35-0ubuntu3
2024-09-11 06:43:13 status installed libc-bin:amd64 2.35-0ubuntu3
2024-09-11 06:43:15 startup archives unpack
2024-09-11 06:43:15 upgrade libnettle8:amd64 3.7.3-1build2 3.7.3-1build2
2024-09-11 06:43:15 status triggers-pending libc-bin:amd64 2.35-0ubuntu3
2024-09-11 06:43:15 status half-configured libnettle8:amd64 3.7.3-1build2
2024-09-11 06:43:15 status unpacked libnettle8:amd64 3.7.3-1build2
2024-09-11 06:43:15 status half-installed libnettle8:amd64 3.7.3-1build2
2024-09-11 06:43:15 status unpacked libnettle8:amd64 3.7.3-1build2
2024-09-11 06:43:15 startup packages configure
2024-09-11 06:43:15 configure libnettle8:amd64 3.7.3-1build2 <none>
2024-09-11 06:43:15 status unpacked libnettle8:amd64 3.7.3-1build2
2024-09-11 06:43:15 status half-configured libnettle8:amd64 3.7.3-1build2
2024-09-11 06:43:15 status installed libnettle8:amd64 3.7.3-1build2
2024-09-11 06:43:15 startup packages configure
2024-09-11 06:43:15 trigproc libc-bin:amd64 2.35-0ubuntu3 <none>
2024-09-11 06:43:15 status half-configured libc-bin:amd64 2.35-0ubuntu3
2024-09-11 06:43:15 status installed libc-bin:amd64 2.35-0ubuntu3
2024-09-11 06:43:17 startup archives unpack
2024-09-11 06:43:17 upgrade libnsl2:amd64 1.3.0-2build2 1.3.0-2build2
2024-09-11 06:43:17 status triggers-pending libc-bin:amd64 2.35-0ubuntu3
2024-09-11 06:43:17 status half-configured libnsl2:amd64 1.3.0-2build2
2024-09-11 06:43:17 status unpacked libnsl2:amd64 1.3.0-2build2
2024-09-11 06:43:17 status half-installed libnsl2:amd64 1.3.0-2build2
2024-09-11 06:43:17 status unpacked libnsl2:amd64 1.3.0-2build2
2024-09-11 06:43:17 startup packages configure
2024-09-11 06:43:17 configure libnsl2:amd64 1.3.0-2build2 <none>
2024-09-11 06:43:17 status unpacked libnsl2:amd64 1.3.0-2build2
2024-09-11 06:43:17 status half-configured libnsl2:amd64 1.3.0-2build2
2024-09-11 06:43:17 status installed libnsl2:amd64 1.3.0-2build2
2024-09-11 06:43:17 startup packages configure
2024-09-11 06:43:17 trigproc libc-bin:amd64 2.35-0ubuntu3 <none>
2024-09-11 06:43:17 status half-configured libc-bin:amd64 2.35-0ubuntu3
2024-09-11 06:43:17 status installed libc-bin:amd64 2.35-0ubuntu3
2024-09-11 06:43:19 startup archives unpack
2024-09-11 06:43:19 upgrade libp11-kit0:amd64 0.24.0-6build1 0.24.0-6build1
2024-09-11 06:43:19 status triggers-pending libc-bin:amd64 2.35-0ubuntu3
2024-09-11 06:43:19 status half-configured libp11-kit0:amd64 0.24.0-6build1
2024-09-11 06:43:19 status unpacked libp11-kit0:amd64 0.24.0-6build1
2024-09-11 06:43:19 status half-installed libp11-kit0:amd64 0.24.0-6build1
2024-09-11 06:43:19 status unpacked libp11-kit0:amd64 0.24.0-6build1
2024-09-11 06:43:19 startup packages configure
2024-09-11 06:43:19 configure libp11-kit0:amd64 0.24.0-6build1 <none>
2024-09-11 06:43:19 status unpacked libp11-kit0:amd64 0.24.0-6build1
2024-09-11 06:43:19 status half-configured libp11-kit0:amd64 0.24.0-6build1
2024-09-11 06:43:19 status installed libp11-kit0:amd64 0.24.0-6build1
2024-09-11 06:43:19 startup packages configure
2024-09-11 06:43:19 trigproc libc-bin:amd64 2.35-0ubuntu3 <none>
2024-09-11 06:43:19 status half-configured libc-bin:amd64 2.35-0ubuntu3
2024-09-11 06:43:19 status installed libc-bin:amd64 2.35-0ubuntu3
2024-09-11 06:43:20 startup archives unpack
2024-09-11 06:43:20 upgrade libpam-modules:amd64 1.4.0-11ubuntu2 1.4.0-11ubuntu2
2024-09-11 06:43:20 status half-configured libpam-modules:amd64 1.4.0-11ubuntu2
2024-09-11 06:43:20 status unpacked libpam-modules:amd64 1.4.0-11ubuntu2
2024-09-11 06:43:20 status half-installed libpam-modules:amd64 1.4.0-11ubuntu2
2024-09-11 06:43:20 status unpacked libpam-modules:amd64 1.4.0-11ubuntu2
2024-09-11 06:43:21 startup packages configure
2024-09-11 06:43:21 configure libpam-modules:amd64 1.4.0-11ubuntu2 <none>
2024-09-11 06:43:21 status unpacked libpam-modules:amd64 1.4.0-11ubuntu2
2024-09-11 06:43:21 status half-configured libpam-modules:amd64 1.4.0-11ubuntu2
2024-09-11 06:43:21 status installed libpam-modules:amd64 1.4.0-11ubuntu2
2024-09-11 06:43:21 startup packages configure
2024-09-11 06:43:22 startup archives unpack
2024-09-11 06:43:22 upgrade libpam-modules-bin:amd64 1.4.0-11ubuntu2 1.4.0-11ubuntu2
2024-09-11 06:43:22 status half-configured libpam-modules-bin:amd64 1.4.0-11ubuntu2
2024-09-11 06:43:22 status unpacked libpam-modules-bin:amd64 1.4.0-11ubuntu2
2024-09-11 06:43:22 status half-installed libpam-modules-bin:amd64 1.4.0-11ubuntu2
2024-09-11 06:43:22 status unpacked libpam-modules-bin:amd64 1.4.0-11ubuntu2
2024-09-11 06:43:22 startup packages configure
2024-09-11 06:43:22 configure libpam-modules-bin:amd64 1.4.0-11ubuntu2 <none>
2024-09-11 06:43:22 status unpacked libpam-modules-bin:amd64 1.4.0-11ubuntu2
2024-09-11 06:43:22 status half-configured libpam-modules-bin:amd64 1.4.0-11ubuntu2
2024-09-11 06:43:22 status installed libpam-modules-bin:amd64 1.4.0-11ubuntu2
2024-09-11 06:43:23 startup packages configure
2024-09-11 06:43:24 startup archives unpack
2024-09-11 06:43:24 upgrade libpam-runtime:all 1.4.0-11ubuntu2 1.4.0-11ubuntu2
2024-09-11 06:43:24 status half-configured libpam-runtime:all 1.4.0-11ubuntu2
2024-09-11 06:43:24 status unpacked libpam-runtime:all 1.4.0-11ubuntu2
2024-09-11 06:43:24 status half-installed libpam-runtime:all 1.4.0-11ubuntu2
2024-09-11 06:43:24 status unpacked libpam-runtime:all 1.4.0-11ubuntu2
2024-09-11 06:43:24 startup packages configure
2024-09-11 06:43:24 configure libpam-runtime:all 1.4.0-11ubuntu2 <none>
2024-09-11 06:43:24 status unpacked libpam-runtime:all 1.4.0-11ubuntu2
2024-09-11 06:43:24 status half-configured libpam-runtime:all 1.4.0-11ubuntu2
2024-09-11 06:43:24 status installed libpam-runtime:all 1.4.0-11ubuntu2
2024-09-11 06:43:25 startup packages configure
2024-09-11 06:43:26 startup archives unpack
2024-09-11 06:43:26 upgrade libpam0g:amd64 1.4.0-11ubuntu2 1.4.0-11ubuntu2
2024-09-11 06:43:26 status triggers-pending libc-bin:amd64 2.35-0ubuntu3
2024-09-11 06:43:26 status half-configured libpam0g:amd64 1.4.0-11ubuntu2
2024-09-11 06:43:26 status unpacked libpam0g:amd64 1.4.0-11ubuntu2
2024-09-11 06:43:26 status half-installed libpam0g:amd64 1.4.0-11ubuntu2
2024-09-11 06:43:26 status unpacked libpam0g:amd64 1.4.0-11ubuntu2
2024-09-11 06:43:26 startup packages configure
2024-09-11 06:43:26 configure libpam0g:amd64 1.4.0-11ubuntu2 <none>
2024-09-11 06:43:26 status unpacked libpam0g:amd64 1.4.0-11ubuntu2
2024-09-11 06:43:26 status half-configured libpam0g:amd64 1.4.0-11ubuntu2
2024-09-11 06:43:26 status installed libpam0g:amd64 1.4.0-11ubuntu2
2024-09-11 06:43:26 startup packages configure
2024-09-11 06:43:26 trigproc libc-bin:amd64 2.35-0ubuntu3 <none>
2024-09-11 06:43:26 status half-configured libc-bin:amd64 2.35-0ubuntu3
2024-09-11 06:43:26 status installed libc-bin:amd64 2.35-0ubuntu3
2024-09-11 06:43:28 startup archives unpack
2024-09-11 06:43:28 upgrade libpcre2-8-0:amd64 10.39-3build1 10.39-3build1
2024-09-11 06:43:28 status triggers-pending libc-bin:amd64 2.35-0ubuntu3
2024-09-11 06:43:28 status half-configured libpcre2-8-0:amd64 10.39-3build1
2024-09-11 06:43:28 status unpacked libpcre2-8-0:amd64 10.39-3build1
2024-09-11 06:43:28 status half-installed libpcre2-8-0:amd64 10.39-3build1
2024-09-11 06:43:28 status unpacked libpcre2-8-0:amd64 10.39-3build1
2024-09-11 06:43:28 startup packages configure
2024-09-11 06:43:28 configure libpcre2-8-0:amd64 10.39-3build1 <none>
2024-09-11 06:43:28 status unpacked libpcre2-8-0:amd64 10.39-3build1
2024-09-11 06:43:28 status half-configured libpcre2-8-0:amd64 10.39-3build1
2024-09-11 06:43:28 status installed libpcre2-8-0:amd64 10.39-3build1
2024-09-11 06:43:28 startup packages configure
2024-09-11 06:43:28 trigproc libc-bin:amd64 2.35-0ubuntu3 <none>
2024-09-11 06:43:28 status half-configured libc-bin:amd64 2.35-0ubuntu3
2024-09-11 06:43:28 status installed libc-bin:amd64 2.35-0ubuntu3
2024-09-11 06:43:30 startup archives unpack
2024-09-11 06:43:30 upgrade libpcre3:amd64 2:8.39-13build5 2:8.39-13build5
2024-09-11 06:43:30 status triggers-pending libc-bin:amd64 2.35-0ubuntu3
2024-09-11 06:43:30 status half-configured libpcre3:amd64 2:8.39-13build5
2024-09-11 06:43:30 status unpacked libpcre3:amd64 2:8.39-13build5
2024-09-11 06:43:30 status half-installed libpcre3:amd64 2:8.39-13build5
2024-09-11 06:43:30 status unpacked libpcre3:amd64 2:8.39-13build5
2024-09-11 06:43:30 startup packages configure
2024-09-11 06:43:30 configure libpcre3:amd64 2:8.39-13build5 <none>
2024-09-11 06:43:30 status unpacked libpcre3:amd64 2:8.39-13build5
2024-09-11 06:43:30 status half-configured libpcre3:amd64 2:8.39-13build5
2024-09-11 06:43:30 status installed libpcre3:amd64 2:8.39-13build5
2024-09-11 06:43:30 startup packages configure
2024-09-11 06:43:30 trigproc libc-bin:amd64 2.35-0ubuntu3 <none>
2024-09-11 06:43:30 status half-configured libc-bin:amd64 2.35-0ubuntu3
2024-09-11 06:43:30 status installed libc-bin:amd64 2.35-0ubuntu3
2024-09-11 06:43:32 startup archives unpack
2024-09-11 06:43:32 upgrade libprocps8:amd64 2:3.3.17-6ubuntu2 2:3.3.17-6ubuntu2
2024-09-11 06:43:32 status triggers-pending libc-bin:amd64 2.35-0ubuntu3
2024-09-11 06:43:32 status half-configured libprocps8:amd64 2:3.3.17-6ubuntu2
2024-09-11 06:43:32 status unpacked libprocps8:amd64 2:3.3.17-6ubuntu2
2024-09-11 06:43:32 status half-installed libprocps8:amd64 2:3.3.17-6ubuntu2
2024-09-11 06:43:32 status unpacked libprocps8:amd64 2:3.3.17-6ubuntu2
2024-09-11 06:43:32 startup packages configure
2024-09-11 06:43:32 configure libprocps8:amd64 2:3.3.17-6ubuntu2 <none>
2024-09-11 06:43:32 status unpacked libprocps8:amd64 2:3.3.17-6ubuntu2
2024-09-11 06:43:32 status half-configured libprocps8:amd64 2:3.3.17-6ubuntu2
2024-09-11 06:43:32 status installed libprocps8:amd64 2:3.3.17-6ubuntu2
2024-09-11 06:43:32 trigproc libc-bin:amd64 2.35-0ubuntu3 <none>
2024-09-11 06:43:32 status half-configured libc-bin:amd64 2.35-0ubuntu3
2024-09-11 06:43:32 status installed libc-bin:amd64 2.35-0ubuntu3
2024-09-11 06:43:33 startup archives unpack
2024-09-11 06:43:33 upgrade libseccomp2:amd64 2.5.3-2ubuntu2 2.5.3-2ubuntu2
2024-09-11 06:43:33 status triggers-pending libc-bin:amd64 2.35-0ubuntu3
2024-09-11 06:43:33 status half-configured libseccomp2:amd64 2.5.3-2ubuntu2
2024-09-11 06:43:33 status unpacked libseccomp2:amd64 2.5.3-2ubuntu2
2024-09-11 06:43:33 status half-installed libseccomp2:amd64 2.5.3-2ubuntu2
2024-09-11 06:43:33 status unpacked libseccomp2:amd64 2.5.3-2ubuntu2
2024-09-11 06:43:33 startup packages configure
2024-09-11 06:43:33 configure libseccomp2:amd64 2.5.3-2ubuntu2 <none>
2024-09-11 06:43:33 status unpacked libseccomp2:amd64 2.5.3-2ubuntu2
2024-09-11 06:43:33 status half-configured libseccomp2:amd64 2.5.3-2ubuntu2
2024-09-11 06:43:33 status installed libseccomp2:amd64 2.5.3-2ubuntu2
2024-09-11 06:43:34 startup packages configure
2024-09-11 06:43:34 trigproc libc-bin:amd64 2.35-0ubuntu3 <none>
2024-09-11 06:43:34 status half-configured libc-bin:amd64 2.35-0ubuntu3
2024-09-11 06:43:34 status installed libc-bin:amd64 2.35-0ubuntu3
2024-09-11 06:43:35 startup archives unpack
2024-09-11 06:43:35 upgrade libselinux1:amd64 3.3-1build2 3.3-1build2
2024-09-11 06:43:35 status triggers-pending libc-bin:amd64 2.35-0ubuntu3
2024-09-11 06:43:35 status half-configured libselinux1:amd64 3.3-1build2
2024-09-11 06:43:35 status unpacked libselinux1:amd64 3.3-1build2
2024-09-11 06:43:35 status half-installed libselinux1:amd64 3.3-1build2
2024-09-11 06:43:35 status unpacked libselinux1:amd64 3.3-1build2
2024-09-11 06:43:35 startup packages configure
2024-09-11 06:43:35 configure libselinux1:amd64 3.3-1build2 <none>
2024-09-11 06:43:35 status unpacked libselinux1:amd64 3.3-1build2
2024-09-11 06:43:35 status half-configured libselinux1:amd64 3.3-1build2
2024-09-11 06:43:35 status installed libselinux1:amd64 3.3-1build2
2024-09-11 06:43:35 startup packages configure
2024-09-11 06:43:35 trigproc libc-bin:amd64 2.35-0ubuntu3 <none>
2024-09-11 06:43:35 status half-configured libc-bin:amd64 2.35-0ubuntu3
2024-09-11 06:43:35 status installed libc-bin:amd64 2.35-0ubuntu3
2024-09-11 06:43:37 startup archives unpack
2024-09-11 06:43:37 upgrade libsemanage-common:all 3.3-1build2 3.3-1build2
2024-09-11 06:43:37 status half-configured libsemanage-common:all 3.3-1build2
2024-09-11 06:43:37 status unpacked libsemanage-common:all 3.3-1build2
2024-09-11 06:43:37 status half-installed libsemanage-common:all 3.3-1build2
2024-09-11 06:43:37 status unpacked libsemanage-common:all 3.3-1build2
2024-09-11 06:43:37 startup packages configure
2024-09-11 06:43:37 configure libsemanage-common:all 3.3-1build2 <none>
2024-09-11 06:43:37 status unpacked libsemanage-common:all 3.3-1build2
2024-09-11 06:43:37 status half-configured libsemanage-common:all 3.3-1build2
2024-09-11 06:43:37 status installed libsemanage-common:all 3.3-1build2
2024-09-11 06:43:37 startup packages configure
2024-09-11 06:43:39 startup archives unpack
2024-09-11 06:43:39 upgrade libsemanage2:amd64 3.3-1build2 3.3-1build2
2024-09-11 06:43:39 status triggers-pending libc-bin:amd64 2.35-0ubuntu3
2024-09-11 06:43:39 status half-configured libsemanage2:amd64 3.3-1build2
2024-09-11 06:43:39 status unpacked libsemanage2:amd64 3.3-1build2
2024-09-11 06:43:39 status half-installed libsemanage2:amd64 3.3-1build2
2024-09-11 06:43:39 status unpacked libsemanage2:amd64 3.3-1build2
2024-09-11 06:43:39 startup packages configure
2024-09-11 06:43:39 configure libsemanage2:amd64 3.3-1build2 <none>
2024-09-11 06:43:39 status unpacked libsemanage2:amd64 3.3-1build2
2024-09-11 06:43:39 status half-configured libsemanage2:amd64 3.3-1build2
2024-09-11 06:43:39 status installed libsemanage2:amd64 3.3-1build2
2024-09-11 06:43:39 startup packages configure
2024-09-11 06:43:39 trigproc libc-bin:amd64 2.35-0ubuntu3 <none>
2024-09-11 06:43:39 status half-configured libc-bin:amd64 2.35-0ubuntu3
2024-09-11 06:43:39 status installed libc-bin:amd64 2.35-0ubuntu3
2024-09-11 06:43:41 startup archives unpack
2024-09-11 06:43:41 upgrade libsepol2:amd64 3.3-1build1 3.3-1build1
2024-09-11 06:43:41 status triggers-pending libc-bin:amd64 2.35-0ubuntu3
2024-09-11 06:43:41 status half-configured libsepol2:amd64 3.3-1build1
2024-09-11 06:43:41 status unpacked libsepol2:amd64 3.3-1build1
2024-09-11 06:43:41 status half-installed libsepol2:amd64 3.3-1build1
2024-09-11 06:43:41 status unpacked libsepol2:amd64 3.3-1build1
2024-09-11 06:43:41 startup packages configure
2024-09-11 06:43:41 configure libsepol2:amd64 3.3-1build1 <none>
2024-09-11 06:43:41 status unpacked libsepol2:amd64 3.3-1build1
2024-09-11 06:43:41 status half-configured libsepol2:amd64 3.3-1build1
2024-09-11 06:43:41 status installed libsepol2:amd64 3.3-1build1
2024-09-11 06:43:41 startup packages configure
2024-09-11 06:43:41 trigproc libc-bin:amd64 2.35-0ubuntu3 <none>
2024-09-11 06:43:41 status half-configured libc-bin:amd64 2.35-0ubuntu3
2024-09-11 06:43:41 status installed libc-bin:amd64 2.35-0ubuntu3
2024-09-11 06:43:42 startup archives unpack
2024-09-11 06:43:42 upgrade libsmartcols1:amd64 2.37.2-4ubuntu3 2.37.2-4ubuntu3
2024-09-11 06:43:42 status triggers-pending libc-bin:amd64 2.35-0ubuntu3
2024-09-11 06:43:42 status half-configured libsmartcols1:amd64 2.37.2-4ubuntu3
2024-09-11 06:43:42 status unpacked libsmartcols1:amd64 2.37.2-4ubuntu3
2024-09-11 06:43:42 status half-installed libsmartcols1:amd64 2.37.2-4ubuntu3
2024-09-11 06:43:42 status unpacked libsmartcols1:amd64 2.37.2-4ubuntu3
2024-09-11 06:43:43 startup packages configure
2024-09-11 06:43:43 configure libsmartcols1:amd64 2.37.2-4ubuntu3 <none>
2024-09-11 06:43:43 status unpacked libsmartcols1:amd64 2.37.2-4ubuntu3
2024-09-11 06:43:43 status half-configured libsmartcols1:amd64 2.37.2-4ubuntu3
2024-09-11 06:43:43 status installed libsmartcols1:amd64 2.37.2-4ubuntu3
2024-09-11 06:43:43 startup packages configure
2024-09-11 06:43:43 trigproc libc-bin:amd64 2.35-0ubuntu3 <none>
2024-09-11 06:43:43 status half-configured libc-bin:amd64 2.35-0ubuntu3
2024-09-11 06:43:43 status installed libc-bin:amd64 2.35-0ubuntu3
2024-09-11 06:43:44 startup archives unpack
2024-09-11 06:43:44 upgrade libss2:amd64 1.46.5-2ubuntu1 1.46.5-2ubuntu1
2024-09-11 06:43:44 status triggers-pending libc-bin:amd64 2.35-0ubuntu3
2024-09-11 06:43:44 status half-configured libss2:amd64 1.46.5-2ubuntu1
2024-09-11 06:43:44 status unpacked libss2:amd64 1.46.5-2ubuntu1
2024-09-11 06:43:44 status half-installed libss2:amd64 1.46.5-2ubuntu1
2024-09-11 06:43:44 status unpacked libss2:amd64 1.46.5-2ubuntu1
2024-09-11 06:43:44 startup packages configure
2024-09-11 06:43:44 configure libss2:amd64 1.46.5-2ubuntu1 <none>
2024-09-11 06:43:44 status unpacked libss2:amd64 1.46.5-2ubuntu1
2024-09-11 06:43:44 status half-configured libss2:amd64 1.46.5-2ubuntu1
2024-09-11 06:43:44 status installed libss2:amd64 1.46.5-2ubuntu1
2024-09-11 06:43:44 trigproc libc-bin:amd64 2.35-0ubuntu3 <none>
2024-09-11 06:43:44 status half-configured libc-bin:amd64 2.35-0ubuntu3
2024-09-11 06:43:44 status installed libc-bin:amd64 2.35-0ubuntu3
2024-09-11 06:43:46 startup archives unpack
2024-09-11 06:43:46 upgrade libssl3:amd64 3.0.2-0ubuntu1 3.0.2-0ubuntu1
2024-09-11 06:43:46 status triggers-pending libc-bin:amd64 2.35-0ubuntu3
2024-09-11 06:43:46 status half-configured libssl3:amd64 3.0.2-0ubuntu1
2024-09-11 06:43:46 status unpacked libssl3:amd64 3.0.2-0ubuntu1
2024-09-11 06:43:46 status half-installed libssl3:amd64 3.0.2-0ubuntu1
2024-09-11 06:43:46 status unpacked libssl3:amd64 3.0.2-0ubuntu1
2024-09-11 06:43:46 startup packages configure
2024-09-11 06:43:46 configure libssl3:amd64 3.0.2-0ubuntu1 <none>
2024-09-11 06:43:46 status unpacked libssl3:amd64 3.0.2-0ubuntu1
2024-09-11 06:43:46 status half-configured libssl3:amd64 3.0.2-0ubuntu1
2024-09-11 06:43:46 status installed libssl3:amd64 3.0.2-0ubuntu1
2024-09-11 06:43:46 startup packages configure
2024-09-11 06:43:46 trigproc libc-bin:amd64 2.35-0ubuntu3 <none>
2024-09-11 06:43:46 status half-configured libc-bin:amd64 2.35-0ubuntu3
2024-09-11 06:43:46 status installed libc-bin:amd64 2.35-0ubuntu3
2024-09-11 06:43:48 startup archives unpack
2024-09-11 06:43:48 upgrade libstdc++6:amd64 12-20220319-1ubuntu1 12-20220319-1ubuntu1
2024-09-11 06:43:48 status triggers-pending libc-bin:amd64 2.35-0ubuntu3
2024-09-11 06:43:48 status half-configured libstdc++6:amd64 12-20220319-1ubuntu1
2024-09-11 06:43:48 status unpacked libstdc++6:amd64 12-20220319-1ubuntu1
2024-09-11 06:43:48 status half-installed libstdc++6:amd64 12-20220319-1ubuntu1
2024-09-11 06:43:48 status unpacked libstdc++6:amd64 12-20220319-1ubuntu1
2024-09-11 06:43:48 startup packages configure
2024-09-11 06:43:48 configure libstdc++6:amd64 12-20220319-1ubuntu1 <none>
2024-09-11 06:43:48 status unpacked libstdc++6:amd64 12-20220319-1ubuntu1
2024-09-11 06:43:48 status half-configured libstdc++6:amd64 12-20220319-1ubuntu1
2024-09-11 06:43:48 status installed libstdc++6:amd64 12-20220319-1ubuntu1
2024-09-11 06:43:48 startup packages configure
2024-09-11 06:43:48 trigproc libc-bin:amd64 2.35-0ubuntu3 <none>
2024-09-11 06:43:48 status half-configured libc-bin:amd64 2.35-0ubuntu3
2024-09-11 06:43:48 status installed libc-bin:amd64 2.35-0ubuntu3
2024-09-11 06:43:50 startup archives unpack
2024-09-11 06:43:50 upgrade libsystemd0:amd64 249.11-0ubuntu3 249.11-0ubuntu3
2024-09-11 06:43:50 status triggers-pending libc-bin:amd64 2.35-0ubuntu3
2024-09-11 06:43:50 status half-configured libsystemd0:amd64 249.11-0ubuntu3
2024-09-11 06:43:50 status unpacked libsystemd0:amd64 249.11-0ubuntu3
2024-09-11 06:43:50 status half-installed libsystemd0:amd64 249.11-0ubuntu3
2024-09-11 06:43:50 status unpacked libsystemd0:amd64 249.11-0ubuntu3
2024-09-11 06:43:50 startup packages configure
2024-09-11 06:43:50 configure libsystemd0:amd64 249.11-0ubuntu3 <none>
2024-09-11 06:43:50 status unpacked libsystemd0:amd64 249.11-0ubuntu3
2024-09-11 06:43:50 status half-configured libsystemd0:amd64 249.11-0ubuntu3
2024-09-11 06:43:50 status installed libsystemd0:amd64 249.11-0ubuntu3
2024-09-11 06:43:50 startup packages configure
2024-09-11 06:43:50 trigproc libc-bin:amd64 2.35-0ubuntu3 <none>
2024-09-11 06:43:50 status half-configured libc-bin:amd64 2.35-0ubuntu3
2024-09-11 06:43:50 status installed libc-bin:amd64 2.35-0ubuntu3
2024-09-11 06:43:52 startup archives unpack
2024-09-11 06:43:52 upgrade libtasn1-6:amd64 4.18.0-4build1 4.18.0-4build1
2024-09-11 06:43:52 status triggers-pending libc-bin:amd64 2.35-0ubuntu3
2024-09-11 06:43:52 status half-configured libtasn1-6:amd64 4.18.0-4build1
2024-09-11 06:43:52 status unpacked libtasn1-6:amd64 4.18.0-4build1
2024-09-11 06:43:52 status half-installed libtasn1-6:amd64 4.18.0-4build1
2024-09-11 06:43:52 status unpacked libtasn1-6:amd64 4.18.0-4build1
2024-09-11 06:43:52 startup packages configure
2024-09-11 06:43:52 configure libtasn1-6:amd64 4.18.0-4build1 <none>
2024-09-11 06:43:52 status unpacked libtasn1-6:amd64 4.18.0-4build1
2024-09-11 06:43:52 status half-configured libtasn1-6:amd64 4.18.0-4build1
2024-09-11 06:43:52 status installed libtasn1-6:amd64 4.18.0-4build1
2024-09-11 06:43:52 startup packages configure
2024-09-11 06:43:52 trigproc libc-bin:amd64 2.35-0ubuntu3 <none>
2024-09-11 06:43:52 status half-configured libc-bin:amd64 2.35-0ubuntu3
2024-09-11 06:43:52 status installed libc-bin:amd64 2.35-0ubuntu3
2024-09-11 06:43:54 startup archives unpack
2024-09-11 06:43:54 upgrade libtinfo6:amd64 6.3-2 6.3-2
2024-09-11 06:43:54 status triggers-pending libc-bin:amd64 2.35-0ubuntu3
2024-09-11 06:43:54 status half-configured libtinfo6:amd64 6.3-2
2024-09-11 06:43:54 status unpacked libtinfo6:amd64 6.3-2
2024-09-11 06:43:54 status half-installed libtinfo6:amd64 6.3-2
2024-09-11 06:43:54 status unpacked libtinfo6:amd64 6.3-2
2024-09-11 06:43:54 startup packages configure
2024-09-11 06:43:54 configure libtinfo6:amd64 6.3-2 <none>
2024-09-11 06:43:54 status unpacked libtinfo6:amd64 6.3-2
2024-09-11 06:43:54 status half-configured libtinfo6:amd64 6.3-2
2024-09-11 06:43:54 status installed libtinfo6:amd64 6.3-2
2024-09-11 06:43:54 startup packages configure
2024-09-11 06:43:54 trigproc libc-bin:amd64 2.35-0ubuntu3 <none>
2024-09-11 06:43:54 status half-configured libc-bin:amd64 2.35-0ubuntu3
2024-09-11 06:43:54 status installed libc-bin:amd64 2.35-0ubuntu3
2024-09-11 06:43:55 startup archives unpack
2024-09-11 06:43:56 upgrade libtirpc-common:all 1.3.2-2build1 1.3.2-2build1
2024-09-11 06:43:56 status half-configured libtirpc-common:all 1.3.2-2build1
2024-09-11 06:43:56 status unpacked libtirpc-common:all 1.3.2-2build1
2024-09-11 06:43:56 status half-installed libtirpc-common:all 1.3.2-2build1
2024-09-11 06:43:56 status unpacked libtirpc-common:all 1.3.2-2build1
2024-09-11 06:43:56 startup packages configure
2024-09-11 06:43:56 configure libtirpc-common:all 1.3.2-2build1 <none>
2024-09-11 06:43:56 status unpacked libtirpc-common:all 1.3.2-2build1
2024-09-11 06:43:56 status half-configured libtirpc-common:all 1.3.2-2build1
2024-09-11 06:43:56 status installed libtirpc-common:all 1.3.2-2build1
2024-09-11 06:43:56 startup packages configure
2024-09-11 06:43:57 startup archives unpack
2024-09-11 06:43:57 upgrade libtirpc3:amd64 1.3.2-2build1 1.3.2-2build1
2024-09-11 06:43:57 status triggers-pending libc-bin:amd64 2.35-0ubuntu3
2024-09-11 06:43:57 status half-configured libtirpc3:amd64 1.3.2-2build1
2024-09-11 06:43:57 status unpacked libtirpc3:amd64 1.3.2-2build1
2024-09-11 06:43:57 status half-installed libtirpc3:amd64 1.3.2-2build1
2024-09-11 06:43:57 status unpacked libtirpc3:amd64 1.3.2-2build1
2024-09-11 06:43:57 startup packages configure
2024-09-11 06:43:57 configure libtirpc3:amd64 1.3.2-2build1 <none>
2024-09-11 06:43:57 status unpacked libtirpc3:amd64 1.3.2-2build1
2024-09-11 06:43:57 status half-configured libtirpc3:amd64 1.3.2-2build1
2024-09-11 06:43:57 status installed libtirpc3:amd64 1.3.2-2build1
2024-09-11 06:43:58 startup packages configure
2024-09-11 06:43:58 trigproc libc-bin:amd64 2.35-0ubuntu3 <none>
2024-09-11 06:43:58 status half-configured libc-bin:amd64 2.35-0ubuntu3
2024-09-11 06:43:58 status installed libc-bin:amd64 2.35-0ubuntu3
2024-09-11 06:43:59 startup archives unpack
2024-09-11 06:43:59 upgrade libudev1:amd64 249.11-0ubuntu3 249.11-0ubuntu3
2024-09-11 06:43:59 status triggers-pending libc-bin:amd64 2.35-0ubuntu3
2024-09-11 06:43:59 status half-configured libudev1:amd64 249.11-0ubuntu3
2024-09-11 06:43:59 status unpacked libudev1:amd64 249.11-0ubuntu3
2024-09-11 06:43:59 status half-installed libudev1:amd64 249.11-0ubuntu3
2024-09-11 06:43:59 status unpacked libudev1:amd64 249.11-0ubuntu3
2024-09-11 06:43:59 startup packages configure
2024-09-11 06:43:59 configure libudev1:amd64 249.11-0ubuntu3 <none>
2024-09-11 06:43:59 status unpacked libudev1:amd64 249.11-0ubuntu3
2024-09-11 06:43:59 status half-configured libudev1:amd64 249.11-0ubuntu3
2024-09-11 06:43:59 status installed libudev1:amd64 249.11-0ubuntu3
2024-09-11 06:43:59 startup packages configure
2024-09-11 06:43:59 trigproc libc-bin:amd64 2.35-0ubuntu3 <none>
2024-09-11 06:43:59 status half-configured libc-bin:amd64 2.35-0ubuntu3
2024-09-11 06:43:59 status installed libc-bin:amd64 2.35-0ubuntu3
2024-09-11 06:44:01 startup archives unpack
2024-09-11 06:44:01 upgrade libunistring2:amd64 1.0-1 1.0-1
2024-09-11 06:44:01 status triggers-pending libc-bin:amd64 2.35-0ubuntu3
2024-09-11 06:44:01 status half-configured libunistring2:amd64 1.0-1
2024-09-11 06:44:01 status unpacked libunistring2:amd64 1.0-1
2024-09-11 06:44:01 status half-installed libunistring2:amd64 1.0-1
2024-09-11 06:44:01 status unpacked libunistring2:amd64 1.0-1
2024-09-11 06:44:01 startup packages configure
2024-09-11 06:44:01 configure libunistring2:amd64 1.0-1 <none>
2024-09-11 06:44:01 status unpacked libunistring2:amd64 1.0-1
2024-09-11 06:44:01 status half-configured libunistring2:amd64 1.0-1
2024-09-11 06:44:01 status installed libunistring2:amd64 1.0-1
2024-09-11 06:44:01 startup packages configure
2024-09-11 06:44:01 trigproc libc-bin:amd64 2.35-0ubuntu3 <none>
2024-09-11 06:44:01 status half-configured libc-bin:amd64 2.35-0ubuntu3
2024-09-11 06:44:01 status installed libc-bin:amd64 2.35-0ubuntu3
2024-09-11 06:44:03 startup archives unpack
2024-09-11 06:44:03 upgrade libuuid1:amd64 2.37.2-4ubuntu3 2.37.2-4ubuntu3
2024-09-11 06:44:03 status triggers-pending libc-bin:amd64 2.35-0ubuntu3
2024-09-11 06:44:03 status half-configured libuuid1:amd64 2.37.2-4ubuntu3
2024-09-11 06:44:03 status unpacked libuuid1:amd64 2.37.2-4ubuntu3
2024-09-11 06:44:03 status half-installed libuuid1:amd64 2.37.2-4ubuntu3
2024-09-11 06:44:03 status unpacked libuuid1:amd64 2.37.2-4ubuntu3
2024-09-11 06:44:03 startup packages configure
2024-09-11 06:44:03 configure libuuid1:amd64 2.37.2-4ubuntu3 <none>
2024-09-11 06:44:03 status unpacked libuuid1:amd64 2.37.2-4ubuntu3
2024-09-11 06:44:03 status half-configured libuuid1:amd64 2.37.2-4ubuntu3
2024-09-11 06:44:03 status installed libuuid1:amd64 2.37.2-4ubuntu3
2024-09-11 06:44:03 startup packages configure
2024-09-11 06:44:03 trigproc libc-bin:amd64 2.35-0ubuntu3 <none>
2024-09-11 06:44:03 status half-configured libc-bin:amd64 2.35-0ubuntu3
2024-09-11 06:44:03 status installed libc-bin:amd64 2.35-0ubuntu3
2024-09-11 06:44:05 startup archives unpack
2024-09-11 06:44:05 upgrade libxxhash0:amd64 0.8.1-1 0.8.1-1
2024-09-11 06:44:05 status triggers-pending libc-bin:amd64 2.35-0ubuntu3
2024-09-11 06:44:05 status half-configured libxxhash0:amd64 0.8.1-1
2024-09-11 06:44:05 status unpacked libxxhash0:amd64 0.8.1-1
2024-09-11 06:44:05 status half-installed libxxhash0:amd64 0.8.1-1
2024-09-11 06:44:05 status unpacked libxxhash0:amd64 0.8.1-1
2024-09-11 06:44:05 startup packages configure
2024-09-11 06:44:05 configure libxxhash0:amd64 0.8.1-1 <none>
2024-09-11 06:44:05 status unpacked libxxhash0:amd64 0.8.1-1
2024-09-11 06:44:05 status half-configured libxxhash0:amd64 0.8.1-1
2024-09-11 06:44:05 status installed libxxhash0:amd64 0.8.1-1
2024-09-11 06:44:05 startup packages configure
2024-09-11 06:44:05 trigproc libc-bin:amd64 2.35-0ubuntu3 <none>
2024-09-11 06:44:05 status half-configured libc-bin:amd64 2.35-0ubuntu3
2024-09-11 06:44:05 status installed libc-bin:amd64 2.35-0ubuntu3
2024-09-11 06:44:06 startup archives unpack
2024-09-11 06:44:06 upgrade libzstd1:amd64 1.4.8+dfsg-3build1 1.4.8+dfsg-3build1
2024-09-11 06:44:06 status triggers-pending libc-bin:amd64 2.35-0ubuntu3
2024-09-11 06:44:06 status half-configured libzstd1:amd64 1.4.8+dfsg-3build1
2024-09-11 06:44:06 status unpacked libzstd1:amd64 1.4.8+dfsg-3build1
2024-09-11 06:44:06 status half-installed libzstd1:amd64 1.4.8+dfsg-3build1
2024-09-11 06:44:06 status unpacked libzstd1:amd64 1.4.8+dfsg-3build1
2024-09-11 06:44:07 startup packages configure
2024-09-11 06:44:07 configure libzstd1:amd64 1.4.8+dfsg-3build1 <none>
2024-09-11 06:44:07 status unpacked libzstd1:amd64 1.4.8+dfsg-3build1
2024-09-11 06:44:07 status half-configured libzstd1:amd64 1.4.8+dfsg-3build1
2024-09-11 06:44:07 status installed libzstd1:amd64 1.4.8+dfsg-3build1
2024-09-11 06:44:07 startup packages configure
2024-09-11 06:44:07 trigproc libc-bin:amd64 2.35-0ubuntu3 <none>
2024-09-11 06:44:07 status half-configured libc-bin:amd64 2.35-0ubuntu3
2024-09-11 06:44:07 status installed libc-bin:amd64 2.35-0ubuntu3
2024-09-11 06:44:08 startup archives unpack
2024-09-11 06:44:08 upgrade login:amd64 1:4.8.1-2ubuntu2 1:4.8.1-2ubuntu2
2024-09-11 06:44:08 status half-configured login:amd64 1:4.8.1-2ubuntu2
2024-09-11 06:44:08 status unpacked login:amd64 1:4.8.1-2ubuntu2
2024-09-11 06:44:08 status half-installed login:amd64 1:4.8.1-2ubuntu2
2024-09-11 06:44:08 status unpacked login:amd64 1:4.8.1-2ubuntu2
2024-09-11 06:44:08 startup packages configure
2024-09-11 06:44:08 configure login:amd64 1:4.8.1-2ubuntu2 <none>
2024-09-11 06:44:08 status unpacked login:amd64 1:4.8.1-2ubuntu2
2024-09-11 06:44:08 status half-configured login:amd64 1:4.8.1-2ubuntu2
2024-09-11 06:44:08 status installed login:amd64 1:4.8.1-2ubuntu2
2024-09-11 06:44:09 startup packages configure
2024-09-11 06:44:10 startup archives unpack
2024-09-11 06:44:10 upgrade logsave:amd64 1.46.5-2ubuntu1 1.46.5-2ubuntu1
2024-09-11 06:44:10 status half-configured logsave:amd64 1.46.5-2ubuntu1
2024-09-11 06:44:10 status unpacked logsave:amd64 1.46.5-2ubuntu1
2024-09-11 06:44:10 status half-installed logsave:amd64 1.46.5-2ubuntu1
2024-09-11 06:44:10 status unpacked logsave:amd64 1.46.5-2ubuntu1
2024-09-11 06:44:10 startup packages configure
2024-09-11 06:44:10 configure logsave:amd64 1.46.5-2ubuntu1 <none>
2024-09-11 06:44:10 status unpacked logsave:amd64 1.46.5-2ubuntu1
2024-09-11 06:44:10 status half-configured logsave:amd64 1.46.5-2ubuntu1
2024-09-11 06:44:10 status installed logsave:amd64 1.46.5-2ubuntu1
2024-09-11 06:44:12 startup archives unpack
2024-09-11 06:44:12 upgrade lsb-base:all 11.1.0ubuntu4 11.1.0ubuntu4
2024-09-11 06:44:12 status half-configured lsb-base:all 11.1.0ubuntu4
2024-09-11 06:44:12 status unpacked lsb-base:all 11.1.0ubuntu4
2024-09-11 06:44:12 status half-installed lsb-base:all 11.1.0ubuntu4
2024-09-11 06:44:12 status unpacked lsb-base:all 11.1.0ubuntu4
2024-09-11 06:44:12 startup packages configure
2024-09-11 06:44:12 configure lsb-base:all 11.1.0ubuntu4 <none>
2024-09-11 06:44:12 status unpacked lsb-base:all 11.1.0ubuntu4
2024-09-11 06:44:12 status half-configured lsb-base:all 11.1.0ubuntu4
2024-09-11 06:44:12 status installed lsb-base:all 11.1.0ubuntu4
2024-09-11 06:44:12 startup packages configure
2024-09-11 06:44:14 startup archives unpack
2024-09-11 06:44:14 upgrade mawk:amd64 1.3.4.20200120-3 1.3.4.20200120-3
2024-09-11 06:44:14 status half-configured mawk:amd64 1.3.4.20200120-3
2024-09-11 06:44:14 status unpacked mawk:amd64 1.3.4.20200120-3
2024-09-11 06:44:14 status half-installed mawk:amd64 1.3.4.20200120-3
2024-09-11 06:44:14 status unpacked mawk:amd64 1.3.4.20200120-3
2024-09-11 06:44:14 startup packages configure
2024-09-11 06:44:14 configure mawk:amd64 1.3.4.20200120-3 <none>
2024-09-11 06:44:14 status unpacked mawk:amd64 1.3.4.20200120-3
2024-09-11 06:44:14 status half-configured mawk:amd64 1.3.4.20200120-3
2024-09-11 06:44:14 status installed mawk:amd64 1.3.4.20200120-3
2024-09-11 06:44:15 startup archives unpack
2024-09-11 06:44:15 upgrade mount:amd64 2.37.2-4ubuntu3 2.37.2-4ubuntu3
2024-09-11 06:44:15 status half-configured mount:amd64 2.37.2-4ubuntu3
2024-09-11 06:44:15 status unpacked mount:amd64 2.37.2-4ubuntu3
2024-09-11 06:44:15 status half-installed mount:amd64 2.37.2-4ubuntu3
2024-09-11 06:44:15 status unpacked mount:amd64 2.37.2-4ubuntu3
2024-09-11 06:44:15 startup packages configure
2024-09-11 06:44:15 configure mount:amd64 2.37.2-4ubuntu3 <none>
2024-09-11 06:44:15 status unpacked mount:amd64 2.37.2-4ubuntu3
2024-09-11 06:44:15 status half-configured mount:amd64 2.37.2-4ubuntu3
2024-09-11 06:44:15 status installed mount:amd64 2.37.2-4ubuntu3
2024-09-11 06:44:17 startup archives unpack
2024-09-11 06:44:17 upgrade ncurses-base:all 6.3-2 6.3-2
2024-09-11 06:44:17 status half-configured ncurses-base:all 6.3-2
2024-09-11 06:44:17 status unpacked ncurses-base:all 6.3-2
2024-09-11 06:44:17 status half-installed ncurses-base:all 6.3-2
2024-09-11 06:44:17 status unpacked ncurses-base:all 6.3-2
2024-09-11 06:44:17 startup packages configure
2024-09-11 06:44:17 configure ncurses-base:all 6.3-2 <none>
2024-09-11 06:44:17 status unpacked ncurses-base:all 6.3-2
2024-09-11 06:44:17 status half-configured ncurses-base:all 6.3-2
2024-09-11 06:44:17 status installed ncurses-base:all 6.3-2
2024-09-11 06:44:17 startup packages configure
2024-09-11 06:44:19 startup archives unpack
2024-09-11 06:44:19 upgrade ncurses-bin:amd64 6.3-2 6.3-2
2024-09-11 06:44:19 status half-configured ncurses-bin:amd64 6.3-2
2024-09-11 06:44:19 status unpacked ncurses-bin:amd64 6.3-2
2024-09-11 06:44:19 status half-installed ncurses-bin:amd64 6.3-2
2024-09-11 06:44:19 status unpacked ncurses-bin:amd64 6.3-2
2024-09-11 06:44:19 startup packages configure
2024-09-11 06:44:19 configure ncurses-bin:amd64 6.3-2 <none>
2024-09-11 06:44:19 status unpacked ncurses-bin:amd64 6.3-2
2024-09-11 06:44:19 status half-configured ncurses-bin:amd64 6.3-2
2024-09-11 06:44:19 status installed ncurses-bin:amd64 6.3-2
2024-09-11 06:44:19 startup packages configure
2024-09-11 06:44:21 startup archives unpack
2024-09-11 06:44:21 upgrade passwd:amd64 1:4.8.1-2ubuntu2 1:4.8.1-2ubuntu2
2024-09-11 06:44:21 status half-configured passwd:amd64 1:4.8.1-2ubuntu2
2024-09-11 06:44:21 status unpacked passwd:amd64 1:4.8.1-2ubuntu2
2024-09-11 06:44:21 status half-installed passwd:amd64 1:4.8.1-2ubuntu2
2024-09-11 06:44:21 status unpacked passwd:amd64 1:4.8.1-2ubuntu2
2024-09-11 06:44:21 startup packages configure
2024-09-11 06:44:21 configure passwd:amd64 1:4.8.1-2ubuntu2 <none>
2024-09-11 06:44:21 status unpacked passwd:amd64 1:4.8.1-2ubuntu2
2024-09-11 06:44:21 status half-configured passwd:amd64 1:4.8.1-2ubuntu2
2024-09-11 06:44:21 status installed passwd:amd64 1:4.8.1-2ubuntu2
2024-09-11 06:44:21 startup packages configure
2024-09-11 06:44:23 startup archives unpack
2024-09-11 06:44:23 upgrade perl-base:amd64 5.34.0-3ubuntu1 5.34.0-3ubuntu1
2024-09-11 06:44:23 status half-configured perl-base:amd64 5.34.0-3ubuntu1
2024-09-11 06:44:23 status unpacked perl-base:amd64 5.34.0-3ubuntu1
2024-09-11 06:44:23 status half-installed perl-base:amd64 5.34.0-3ubuntu1
2024-09-11 06:44:23 status unpacked perl-base:amd64 5.34.0-3ubuntu1
2024-09-11 06:44:23 startup packages configure
2024-09-11 06:44:23 configure perl-base:amd64 5.34.0-3ubuntu1 <none>
2024-09-11 06:44:23 status unpacked perl-base:amd64 5.34.0-3ubuntu1
2024-09-11 06:44:23 status half-configured perl-base:amd64 5.34.0-3ubuntu1
2024-09-11 06:44:23 status installed perl-base:amd64 5.34.0-3ubuntu1
2024-09-11 06:44:23 startup packages configure
2024-09-11 06:44:25 startup archives unpack
2024-09-11 06:44:25 upgrade procps:amd64 2:3.3.17-6ubuntu2 2:3.3.17-6ubuntu2
2024-09-11 06:44:25 status half-configured procps:amd64 2:3.3.17-6ubuntu2
2024-09-11 06:44:25 status unpacked procps:amd64 2:3.3.17-6ubuntu2
2024-09-11 06:44:25 status half-installed procps:amd64 2:3.3.17-6ubuntu2
2024-09-11 06:44:25 status unpacked procps:amd64 2:3.3.17-6ubuntu2
2024-09-11 06:44:25 startup packages configure
2024-09-11 06:44:25 configure procps:amd64 2:3.3.17-6ubuntu2 <none>
2024-09-11 06:44:25 status unpacked procps:amd64 2:3.3.17-6ubuntu2
2024-09-11 06:44:25 status half-configured procps:amd64 2:3.3.17-6ubuntu2
2024-09-11 06:44:25 status installed procps:amd64 2:3.3.17-6ubuntu2
2024-09-11 06:44:26 startup archives unpack
2024-09-11 06:44:26 upgrade sed:amd64 4.8-1ubuntu2 4.8-1ubuntu2
2024-09-11 06:44:26 status half-configured sed:amd64 4.8-1ubuntu2
2024-09-11 06:44:26 status unpacked sed:amd64 4.8-1ubuntu2
2024-09-11 06:44:26 status half-installed sed:amd64 4.8-1ubuntu2
2024-09-11 06:44:26 status unpacked sed:amd64 4.8-1ubuntu2
2024-09-11 06:44:26 startup packages configure
2024-09-11 06:44:26 configure sed:amd64 4.8-1ubuntu2 <none>
2024-09-11 06:44:26 status unpacked sed:amd64 4.8-1ubuntu2
2024-09-11 06:44:26 status half-configured sed:amd64 4.8-1ubuntu2
2024-09-11 06:44:26 status installed sed:amd64 4.8-1ubuntu2
2024-09-11 06:44:27 startup packages configure
2024-09-11 06:44:28 startup archives unpack
2024-09-11 06:44:28 upgrade sensible-utils:all 0.0.17 0.0.17
2024-09-11 06:44:28 status half-configured sensible-utils:all 0.0.17
2024-09-11 06:44:28 status unpacked sensible-utils:all 0.0.17
2024-09-11 06:44:28 status half-installed sensible-utils:all 0.0.17
2024-09-11 06:44:28 status unpacked sensible-utils:all 0.0.17
2024-09-11 06:44:28 startup packages configure
2024-09-11 06:44:28 configure sensible-utils:all 0.0.17 <none>
2024-09-11 06:44:28 status unpacked sensible-utils:all 0.0.17
2024-09-11 06:44:28 status half-configured sensible-utils:all 0.0.17
2024-09-11 06:44:28 status installed sensible-utils:all 0.0.17
2024-09-11 06:44:30 startup archives unpack
2024-09-11 06:44:30 upgrade sysvinit-utils:amd64 3.01-1ubuntu1 3.01-1ubuntu1
2024-09-11 06:44:30 status half-configured sysvinit-utils:amd64 3.01-1ubuntu1
2024-09-11 06:44:30 status unpacked sysvinit-utils:amd64 3.01-1ubuntu1
2024-09-11 06:44:30 status half-installed sysvinit-utils:amd64 3.01-1ubuntu1
2024-09-11 06:44:30 status unpacked sysvinit-utils:amd64 3.01-1ubuntu1
2024-09-11 06:44:30 startup packages configure
2024-09-11 06:44:30 configure sysvinit-utils:amd64 3.01-1ubuntu1 <none>
2024-09-11 06:44:30 status unpacked sysvinit-utils:amd64 3.01-1ubuntu1
2024-09-11 06:44:30 status half-configured sysvinit-utils:amd64 3.01-1ubuntu1
2024-09-11 06:44:30 status installed sysvinit-utils:amd64 3.01-1ubuntu1
2024-09-11 06:44:30 startup packages configure
2024-09-11 06:44:32 startup archives unpack
2024-09-11 06:44:32 upgrade tar:amd64 1.34+dfsg-1build3 1.34+dfsg-1build3
2024-09-11 06:44:32 status half-configured tar:amd64 1.34+dfsg-1build3
2024-09-11 06:44:32 status unpacked tar:amd64 1.34+dfsg-1build3
2024-09-11 06:44:32 status half-installed tar:amd64 1.34+dfsg-1build3
2024-09-11 06:44:32 status unpacked tar:amd64 1.34+dfsg-1build3
2024-09-11 06:44:32 startup packages configure
2024-09-11 06:44:32 configure tar:amd64 1.34+dfsg-1build3 <none>
2024-09-11 06:44:32 status unpacked tar:amd64 1.34+dfsg-1build3
2024-09-11 06:44:32 status half-configured tar:amd64 1.34+dfsg-1build3
2024-09-11 06:44:32 status installed tar:amd64 1.34+dfsg-1build3
2024-09-11 06:44:32 startup packages configure
2024-09-11 06:44:34 startup archives unpack
2024-09-11 06:44:34 upgrade ubuntu-keyring:all 2021.03.26 2021.03.26
2024-09-11 06:44:34 status half-configured ubuntu-keyring:all 2021.03.26
2024-09-11 06:44:34 status unpacked ubuntu-keyring:all 2021.03.26
2024-09-11 06:44:34 status half-installed ubuntu-keyring:all 2021.03.26
2024-09-11 06:44:34 status unpacked ubuntu-keyring:all 2021.03.26
2024-09-11 06:44:34 startup packages configure
2024-09-11 06:44:34 configure ubuntu-keyring:all 2021.03.26 <none>
2024-09-11 06:44:34 status unpacked ubuntu-keyring:all 2021.03.26
2024-09-11 06:44:34 status half-configured ubuntu-keyring:all 2021.03.26
2024-09-11 06:44:34 status installed ubuntu-keyring:all 2021.03.26
2024-09-11 06:44:34 startup packages configure
2024-09-11 06:44:36 startup archives unpack
2024-09-11 06:44:36 upgrade usrmerge:all 25ubuntu2 25ubuntu2
2024-09-11 06:44:36 status half-configured usrmerge:all 25ubuntu2
2024-09-11 06:44:36 status unpacked usrmerge:all 25ubuntu2
2024-09-11 06:44:36 status half-installed usrmerge:all 25ubuntu2
2024-09-11 06:44:36 status unpacked usrmerge:all 25ubuntu2
2024-09-11 06:44:36 startup packages configure
2024-09-11 06:44:36 configure usrmerge:all 25ubuntu2 <none>
2024-09-11 06:44:36 status unpacked usrmerge:all 25ubuntu2
2024-09-11 06:44:36 status half-configured usrmerge:all 25ubuntu2
2024-09-11 06:44:36 status installed usrmerge:all 25ubuntu2
2024-09-11 06:44:37 startup archives unpack
2024-09-11 06:44:37 upgrade util-linux:amd64 2.37.2-4ubuntu3 2.37.2-4ubuntu3
2024-09-11 06:44:37 status half-configured util-linux:amd64 2.37.2-4ubuntu3
2024-09-11 06:44:37 status unpacked util-linux:amd64 2.37.2-4ubuntu3
2024-09-11 06:44:37 status half-installed util-linux:amd64 2.37.2-4ubuntu3
2024-09-11 06:44:37 status unpacked util-linux:amd64 2.37.2-4ubuntu3
2024-09-11 06:44:38 startup packages configure
2024-09-11 06:44:38 configure util-linux:amd64 2.37.2-4ubuntu3 <none>
2024-09-11 06:44:38 status unpacked util-linux:amd64 2.37.2-4ubuntu3
2024-09-11 06:44:38 status half-configured util-linux:amd64 2.37.2-4ubuntu3
2024-09-11 06:44:38 status installed util-linux:amd64 2.37.2-4ubuntu3
2024-09-11 06:44:38 startup packages configure
2024-09-11 06:44:39 startup archives unpack
2024-09-11 06:44:39 upgrade zlib1g:amd64 1:1.2.11.dfsg-2ubuntu9 1:1.2.11.dfsg-2ubuntu9
2024-09-11 06:44:39 status triggers-pending libc-bin:amd64 2.35-0ubuntu3
2024-09-11 06:44:39 status half-configured zlib1g:amd64 1:1.2.11.dfsg-2ubuntu9
2024-09-11 06:44:39 status unpacked zlib1g:amd64 1:1.2.11.dfsg-2ubuntu9
2024-09-11 06:44:39 status half-installed zlib1g:amd64 1:1.2.11.dfsg-2ubuntu9
2024-09-11 06:44:39 status unpacked zlib1g:amd64 1:1.2.11.dfsg-2ubuntu9
2024-09-11 06:44:39 startup packages configure
2024-09-11 06:44:39 configure zlib1g:amd64 1:1.2.11.dfsg-2ubuntu9 <none>
2024-09-11 06:44:39 status unpacked zlib1g:amd64 1:1.2.11.dfsg-2ubuntu9
2024-09-11 06:44:39 status half-configured zlib1g:amd64 1:1.2.11.dfsg-2ubuntu9
2024-09-11 06:44:39 status installed zlib1g:amd64 1:1.2.11.dfsg-2ubuntu9
2024-09-11 06:44:40 startup packages configure
2024-09-11 06:44:40 trigproc libc-bin:amd64 2.35-0ubuntu3 <none>
2024-09-11 06:44:40 status half-configured libc-bin:amd64 2.35-0ubuntu3
2024-09-11 06:44:40 status installed libc-bin:amd64 2.35-0ubuntu3
2024-09-11 06:44:44 startup archives unpack
2024-09-11 06:44:44 upgrade gcc-12-base:amd64 12-20220319-1ubuntu1 12.3.0-1ubuntu1~22.04
2024-09-11 06:44:44 status half-configured gcc-12-base:amd64 12-20220319-1ubuntu1
2024-09-11 06:44:44 status unpacked gcc-12-base:amd64 12-20220319-1ubuntu1
2024-09-11 06:44:44 status half-installed gcc-12-base:amd64 12-20220319-1ubuntu1
2024-09-11 06:44:44 status unpacked gcc-12-base:amd64 12.3.0-1ubuntu1~22.04
2024-09-11 06:44:44 startup packages configure
2024-09-11 06:44:44 configure gcc-12-base:amd64 12.3.0-1ubuntu1~22.04 <none>
2024-09-11 06:44:44 status unpacked gcc-12-base:amd64 12.3.0-1ubuntu1~22.04
2024-09-11 06:44:44 status half-configured gcc-12-base:amd64 12.3.0-1ubuntu1~22.04
2024-09-11 06:44:44 status installed gcc-12-base:amd64 12.3.0-1ubuntu1~22.04
2024-09-11 06:44:44 startup archives unpack
2024-09-11 06:44:44 upgrade libgcc-s1:amd64 12-20220319-1ubuntu1 12.3.0-1ubuntu1~22.04
2024-09-11 06:44:44 status triggers-pending libc-bin:amd64 2.35-0ubuntu3
2024-09-11 06:44:44 status half-configured libgcc-s1:amd64 12-20220319-1ubuntu1
2024-09-11 06:44:44 status unpacked libgcc-s1:amd64 12-20220319-1ubuntu1
2024-09-11 06:44:44 status half-installed libgcc-s1:amd64 12-20220319-1ubuntu1
2024-09-11 06:44:44 status unpacked libgcc-s1:amd64 12.3.0-1ubuntu1~22.04
2024-09-11 06:44:44 startup packages configure
2024-09-11 06:44:44 configure libgcc-s1:amd64 12.3.0-1ubuntu1~22.04 <none>
2024-09-11 06:44:44 status unpacked libgcc-s1:amd64 12.3.0-1ubuntu1~22.04
2024-09-11 06:44:44 status half-configured libgcc-s1:amd64 12.3.0-1ubuntu1~22.04
2024-09-11 06:44:44 status installed libgcc-s1:amd64 12.3.0-1ubuntu1~22.04
2024-09-11 06:44:44 startup archives unpack
2024-09-11 06:44:44 upgrade libstdc++6:amd64 12-20220319-1ubuntu1 12.3.0-1ubuntu1~22.04
2024-09-11 06:44:44 status half-configured libstdc++6:amd64 12-20220319-1ubuntu1
2024-09-11 06:44:44 status unpacked libstdc++6:amd64 12-20220319-1ubuntu1
2024-09-11 06:44:44 status half-installed libstdc++6:amd64 12-20220319-1ubuntu1
2024-09-11 06:44:44 status unpacked libstdc++6:amd64 12.3.0-1ubuntu1~22.04
2024-09-11 06:44:44 startup packages configure
2024-09-11 06:44:44 configure libstdc++6:amd64 12.3.0-1ubuntu1~22.04 <none>
2024-09-11 06:44:44 status unpacked libstdc++6:amd64 12.3.0-1ubuntu1~22.04
2024-09-11 06:44:44 status half-configured libstdc++6:amd64 12.3.0-1ubuntu1~22.04
2024-09-11 06:44:44 status installed libstdc++6:amd64 12.3.0-1ubuntu1~22.04
2024-09-11 06:44:44 startup archives unpack
2024-09-11 06:44:44 upgrade libc6:amd64 2.35-0ubuntu3 2.35-0ubuntu3.8
2024-09-11 06:44:44 status half-configured libc6:amd64 2.35-0ubuntu3
2024-09-11 06:44:44 status unpacked libc6:amd64 2.35-0ubuntu3
2024-09-11 06:44:44 status half-installed libc6:amd64 2.35-0ubuntu3
2024-09-11 06:44:44 status unpacked libc6:amd64 2.35-0ubuntu3.8
2024-09-11 06:44:44 startup packages configure
2024-09-11 06:44:44 configure libc6:amd64 2.35-0ubuntu3.8 <none>
2024-09-11 06:44:44 status unpacked libc6:amd64 2.35-0ubuntu3.8
2024-09-11 06:44:44 status half-configured libc6:amd64 2.35-0ubuntu3.8
2024-09-11 06:44:44 status installed libc6:amd64 2.35-0ubuntu3.8
2024-09-11 06:44:44 startup archives unpack
2024-09-11 06:44:44 upgrade base-files:amd64 12ubuntu4 12ubuntu4.7
2024-09-11 06:44:44 status half-configured base-files:amd64 12ubuntu4
2024-09-11 06:44:44 status unpacked base-files:amd64 12ubuntu4
2024-09-11 06:44:44 status half-installed base-files:amd64 12ubuntu4
2024-09-11 06:44:44 status unpacked base-files:amd64 12ubuntu4.7
2024-09-11 06:44:44 startup packages configure
2024-09-11 06:44:44 configure base-files:amd64 12ubuntu4.7 <none>
2024-09-11 06:44:44 status unpacked base-files:amd64 12ubuntu4.7
2024-09-11 06:44:44 status half-configured base-files:amd64 12ubuntu4.7
2024-09-11 06:44:44 status installed base-files:amd64 12ubuntu4.7
2024-09-11 06:44:44 startup archives unpack
2024-09-11 06:44:44 upgrade bash:amd64 5.1-6ubuntu1 5.1-6ubuntu1.1
2024-09-11 06:44:44 status half-configured bash:amd64 5.1-6ubuntu1
2024-09-11 06:44:44 status unpacked bash:amd64 5.1-6ubuntu1
2024-09-11 06:44:44 status half-installed bash:amd64 5.1-6ubuntu1
2024-09-11 06:44:44 status unpacked bash:amd64 5.1-6ubuntu1.1
2024-09-11 06:44:44 startup packages configure
2024-09-11 06:44:44 configure bash:amd64 5.1-6ubuntu1.1 <none>
2024-09-11 06:44:44 status unpacked bash:amd64 5.1-6ubuntu1.1
2024-09-11 06:44:44 status half-configured bash:amd64 5.1-6ubuntu1.1
2024-09-11 06:44:44 status installed bash:amd64 5.1-6ubuntu1.1
2024-09-11 06:44:44 startup archives unpack
2024-09-11 06:44:44 upgrade bsdutils:amd64 1:2.37.2-4ubuntu3 1:2.37.2-4ubuntu3.4
2024-09-11 06:44:44 status half-configured bsdutils:amd64 1:2.37.2-4ubuntu3
2024-09-11 06:44:44 status unpacked bsdutils:amd64 1:2.37.2-4ubuntu3
2024-09-11 06:44:44 status half-installed bsdutils:amd64 1:2.37.2-4ubuntu3
2024-09-11 06:44:44 status unpacked bsdutils:amd64 1:2.37.2-4ubuntu3.4
2024-09-11 06:44:44 startup packages configure
2024-09-11 06:44:44 configure bsdutils:amd64 1:2.37.2-4ubuntu3.4 <none>
2024-09-11 06:44:44 status unpacked bsdutils:amd64 1:2.37.2-4ubuntu3.4
2024-09-11 06:44:44 status half-configured bsdutils:amd64 1:2.37.2-4ubuntu3.4
2024-09-11 06:44:44 status installed bsdutils:amd64 1:2.37.2-4ubuntu3.4
2024-09-11 06:44:44 startup archives unpack
2024-09-11 06:44:44 upgrade coreutils:amd64 8.32-4.1ubuntu1 8.32-4.1ubuntu1.2
2024-09-11 06:44:44 status half-configured coreutils:amd64 8.32-4.1ubuntu1
2024-09-11 06:44:44 status unpacked coreutils:amd64 8.32-4.1ubuntu1
2024-09-11 06:44:44 status half-installed coreutils:amd64 8.32-4.1ubuntu1
2024-09-11 06:44:44 status unpacked coreutils:amd64 8.32-4.1ubuntu1.2
2024-09-11 06:44:44 startup packages configure
2024-09-11 06:44:44 configure coreutils:amd64 8.32-4.1ubuntu1.2 <none>
2024-09-11 06:44:44 status unpacked coreutils:amd64 8.32-4.1ubuntu1.2
2024-09-11 06:44:45 status half-configured coreutils:amd64 8.32-4.1ubuntu1.2
2024-09-11 06:44:45 status installed coreutils:amd64 8.32-4.1ubuntu1.2
2024-09-11 06:44:45 startup archives unpack
2024-09-11 06:44:45 upgrade libsystemd0:amd64 249.11-0ubuntu3 249.11-0ubuntu3.12
2024-09-11 06:44:45 status half-configured libsystemd0:amd64 249.11-0ubuntu3
2024-09-11 06:44:45 status unpacked libsystemd0:amd64 249.11-0ubuntu3
2024-09-11 06:44:45 status half-installed libsystemd0:amd64 249.11-0ubuntu3
2024-09-11 06:44:45 status unpacked libsystemd0:amd64 249.11-0ubuntu3.12
2024-09-11 06:44:45 startup packages configure
2024-09-11 06:44:45 configure libsystemd0:amd64 249.11-0ubuntu3.12 <none>
2024-09-11 06:44:45 status unpacked libsystemd0:amd64 249.11-0ubuntu3.12
2024-09-11 06:44:45 status half-configured libsystemd0:amd64 249.11-0ubuntu3.12
2024-09-11 06:44:45 status installed libsystemd0:amd64 249.11-0ubuntu3.12
2024-09-11 06:44:45 startup archives unpack
2024-09-11 06:44:45 upgrade libudev1:amd64 249.11-0ubuntu3 249.11-0ubuntu3.12
2024-09-11 06:44:45 status half-configured libudev1:amd64 249.11-0ubuntu3
2024-09-11 06:44:45 status unpacked libudev1:amd64 249.11-0ubuntu3
2024-09-11 06:44:45 status half-installed libudev1:amd64 249.11-0ubuntu3
2024-09-11 06:44:45 status unpacked libudev1:amd64 249.11-0ubuntu3.12
2024-09-11 06:44:45 startup packages configure
2024-09-11 06:44:45 configure libudev1:amd64 249.11-0ubuntu3.12 <none>
2024-09-11 06:44:45 status unpacked libudev1:amd64 249.11-0ubuntu3.12
2024-09-11 06:44:45 status half-configured libudev1:amd64 249.11-0ubuntu3.12
2024-09-11 06:44:45 status installed libudev1:amd64 249.11-0ubuntu3.12
2024-09-11 06:44:45 startup archives unpack
2024-09-11 06:44:45 upgrade zlib1g:amd64 1:1.2.11.dfsg-2ubuntu9 1:1.2.11.dfsg-2ubuntu9.2
2024-09-11 06:44:45 status half-configured zlib1g:amd64 1:1.2.11.dfsg-2ubuntu9
2024-09-11 06:44:45 status unpacked zlib1g:amd64 1:1.2.11.dfsg-2ubuntu9
2024-09-11 06:44:45 status half-installed zlib1g:amd64 1:1.2.11.dfsg-2ubuntu9
2024-09-11 06:44:45 status unpacked zlib1g:amd64 1:1.2.11.dfsg-2ubuntu9.2
2024-09-11 06:44:45 startup packages configure
2024-09-11 06:44:45 configure zlib1g:amd64 1:1.2.11.dfsg-2ubuntu9.2 <none>
2024-09-11 06:44:45 status unpacked zlib1g:amd64 1:1.2.11.dfsg-2ubuntu9.2
2024-09-11 06:44:45 status half-configured zlib1g:amd64 1:1.2.11.dfsg-2ubuntu9.2
2024-09-11 06:44:45 status installed zlib1g:amd64 1:1.2.11.dfsg-2ubuntu9.2
2024-09-11 06:44:45 startup archives unpack
2024-09-11 06:44:45 upgrade libapt-pkg6.0:amd64 2.4.5 2.4.13
2024-09-11 06:44:45 status half-configured libapt-pkg6.0:amd64 2.4.5
2024-09-11 06:44:45 status unpacked libapt-pkg6.0:amd64 2.4.5
2024-09-11 06:44:45 status half-installed libapt-pkg6.0:amd64 2.4.5
2024-09-11 06:44:45 status unpacked libapt-pkg6.0:amd64 2.4.13
2024-09-11 06:44:45 startup packages configure
2024-09-11 06:44:45 configure libapt-pkg6.0:amd64 2.4.13 <none>
2024-09-11 06:44:45 status unpacked libapt-pkg6.0:amd64 2.4.13
2024-09-11 06:44:45 status half-configured libapt-pkg6.0:amd64 2.4.13
2024-09-11 06:44:45 status installed libapt-pkg6.0:amd64 2.4.13
2024-09-11 06:44:45 startup archives unpack
2024-09-11 06:44:45 upgrade tar:amd64 1.34+dfsg-1build3 1.34+dfsg-1ubuntu0.1.22.04.2
2024-09-11 06:44:45 status half-configured tar:amd64 1.34+dfsg-1build3
2024-09-11 06:44:45 status unpacked tar:amd64 1.34+dfsg-1build3
2024-09-11 06:44:45 status half-installed tar:amd64 1.34+dfsg-1build3
2024-09-11 06:44:45 status unpacked tar:amd64 1.34+dfsg-1ubuntu0.1.22.04.2
2024-09-11 06:44:45 startup packages configure
2024-09-11 06:44:45 configure tar:amd64 1.34+dfsg-1ubuntu0.1.22.04.2 <none>
2024-09-11 06:44:45 status unpacked tar:amd64 1.34+dfsg-1ubuntu0.1.22.04.2
2024-09-11 06:44:45 status half-configured tar:amd64 1.34+dfsg-1ubuntu0.1.22.04.2
2024-09-11 06:44:45 status installed tar:amd64 1.34+dfsg-1ubuntu0.1.22.04.2
2024-09-11 06:44:45 startup archives unpack
2024-09-11 06:44:45 upgrade dpkg:amd64 1.21.1ubuntu2 1.21.1ubuntu2.3
2024-09-11 06:44:45 status half-configured dpkg:amd64 1.21.1ubuntu2
2024-09-11 06:44:45 status unpacked dpkg:amd64 1.21.1ubuntu2
2024-09-11 06:44:45 status half-installed dpkg:amd64 1.21.1ubuntu2
2024-09-11 06:44:45 status unpacked dpkg:amd64 1.21.1ubuntu2.3
2024-09-11 06:44:45 startup packages configure
2024-09-11 06:44:45 configure dpkg:amd64 1.21.1ubuntu2.3 <none>
2024-09-11 06:44:45 status unpacked dpkg:amd64 1.21.1ubuntu2.3
2024-09-11 06:44:45 status half-configured dpkg:amd64 1.21.1ubuntu2.3
2024-09-11 06:44:45 status installed dpkg:amd64 1.21.1ubuntu2.3
2024-09-11 06:44:45 startup archives unpack
2024-09-11 06:44:45 upgrade gzip:amd64 1.10-4ubuntu4 1.10-4ubuntu4.1
2024-09-11 06:44:45 status half-configured gzip:amd64 1.10-4ubuntu4
2024-09-11 06:44:45 status unpacked gzip:amd64 1.10-4ubuntu4
2024-09-11 06:44:45 status half-installed gzip:amd64 1.10-4ubuntu4
2024-09-11 06:44:45 status unpacked gzip:amd64 1.10-4ubuntu4.1
2024-09-11 06:44:45 startup packages configure
2024-09-11 06:44:45 configure gzip:amd64 1.10-4ubuntu4.1 <none>
2024-09-11 06:44:45 status unpacked gzip:amd64 1.10-4ubuntu4.1
2024-09-11 06:44:45 status half-configured gzip:amd64 1.10-4ubuntu4.1
2024-09-11 06:44:45 status installed gzip:amd64 1.10-4ubuntu4.1
2024-09-11 06:44:45 startup archives unpack
2024-09-11 06:44:45 upgrade login:amd64 1:4.8.1-2ubuntu2 1:4.8.1-2ubuntu2.2
2024-09-11 06:44:45 status half-configured login:amd64 1:4.8.1-2ubuntu2
2024-09-11 06:44:45 status unpacked login:amd64 1:4.8.1-2ubuntu2
2024-09-11 06:44:45 status half-installed login:amd64 1:4.8.1-2ubuntu2
2024-09-11 06:44:45 status unpacked login:amd64 1:4.8.1-2ubuntu2.2
2024-09-11 06:44:45 startup packages configure
2024-09-11 06:44:45 configure login:amd64 1:4.8.1-2ubuntu2.2 <none>
2024-09-11 06:44:45 status unpacked login:amd64 1:4.8.1-2ubuntu2.2
2024-09-11 06:44:45 status half-configured login:amd64 1:4.8.1-2ubuntu2.2
2024-09-11 06:44:45 status installed login:amd64 1:4.8.1-2ubuntu2.2
2024-09-11 06:44:45 startup archives unpack
2024-09-11 06:44:45 upgrade ncurses-bin:amd64 6.3-2 6.3-2ubuntu0.1
2024-09-11 06:44:45 status half-configured ncurses-bin:amd64 6.3-2
2024-09-11 06:44:45 status unpacked ncurses-bin:amd64 6.3-2
2024-09-11 06:44:45 status half-installed ncurses-bin:amd64 6.3-2
2024-09-11 06:44:45 status unpacked ncurses-bin:amd64 6.3-2ubuntu0.1
2024-09-11 06:44:45 startup packages configure
2024-09-11 06:44:45 configure ncurses-bin:amd64 6.3-2ubuntu0.1 <none>
2024-09-11 06:44:45 status unpacked ncurses-bin:amd64 6.3-2ubuntu0.1
2024-09-11 06:44:45 status half-configured ncurses-bin:amd64 6.3-2ubuntu0.1
2024-09-11 06:44:45 status installed ncurses-bin:amd64 6.3-2ubuntu0.1
2024-09-11 06:44:45 startup archives unpack
2024-09-11 06:44:45 upgrade perl-base:amd64 5.34.0-3ubuntu1 5.34.0-3ubuntu1.3
2024-09-11 06:44:45 status half-configured perl-base:amd64 5.34.0-3ubuntu1
2024-09-11 06:44:45 status unpacked perl-base:amd64 5.34.0-3ubuntu1
2024-09-11 06:44:45 status half-installed perl-base:amd64 5.34.0-3ubuntu1
2024-09-11 06:44:45 status unpacked perl-base:amd64 5.34.0-3ubuntu1.3
2024-09-11 06:44:45 startup packages configure
2024-09-11 06:44:45 configure perl-base:amd64 5.34.0-3ubuntu1.3 <none>
2024-09-11 06:44:45 status unpacked perl-base:amd64 5.34.0-3ubuntu1.3
2024-09-11 06:44:45 status half-configured perl-base:amd64 5.34.0-3ubuntu1.3
2024-09-11 06:44:45 status installed perl-base:amd64 5.34.0-3ubuntu1.3
2024-09-11 06:44:45 startup archives unpack
2024-09-11 06:44:45 upgrade util-linux:amd64 2.37.2-4ubuntu3 2.37.2-4ubuntu3.4
2024-09-11 06:44:45 status half-configured util-linux:amd64 2.37.2-4ubuntu3
2024-09-11 06:44:45 status unpacked util-linux:amd64 2.37.2-4ubuntu3
2024-09-11 06:44:46 status half-installed util-linux:amd64 2.37.2-4ubuntu3
2024-09-11 06:44:46 status unpacked util-linux:amd64 2.37.2-4ubuntu3.4
2024-09-11 06:44:46 startup packages configure
2024-09-11 06:44:46 configure util-linux:amd64 2.37.2-4ubuntu3.4 <none>
2024-09-11 06:44:46 status unpacked util-linux:amd64 2.37.2-4ubuntu3.4
2024-09-11 06:44:46 status half-configured util-linux:amd64 2.37.2-4ubuntu3.4
2024-09-11 06:44:46 status installed util-linux:amd64 2.37.2-4ubuntu3.4
2024-09-11 06:44:46 startup archives unpack
2024-09-11 06:44:46 upgrade libc-bin:amd64 2.35-0ubuntu3 2.35-0ubuntu3.8
2024-09-11 06:44:46 status half-configured libc-bin:amd64 2.35-0ubuntu3
2024-09-11 06:44:46 status unpacked libc-bin:amd64 2.35-0ubuntu3
2024-09-11 06:44:46 status half-installed libc-bin:amd64 2.35-0ubuntu3
2024-09-11 06:44:46 status unpacked libc-bin:amd64 2.35-0ubuntu3.8
2024-09-11 06:44:46 startup packages configure
2024-09-11 06:44:46 configure libc-bin:amd64 2.35-0ubuntu3.8 <none>
2024-09-11 06:44:46 status unpacked libc-bin:amd64 2.35-0ubuntu3.8
2024-09-11 06:44:46 status half-configured libc-bin:amd64 2.35-0ubuntu3.8
2024-09-11 06:44:46 status installed libc-bin:amd64 2.35-0ubuntu3.8
2024-09-11 06:44:46 startup archives unpack
2024-09-11 06:44:46 upgrade ncurses-base:all 6.3-2 6.3-2ubuntu0.1
2024-09-11 06:44:46 status half-configured ncurses-base:all 6.3-2
2024-09-11 06:44:46 status unpacked ncurses-base:all 6.3-2
2024-09-11 06:44:46 status half-installed ncurses-base:all 6.3-2
2024-09-11 06:44:46 status unpacked ncurses-base:all 6.3-2ubuntu0.1
2024-09-11 06:44:46 startup packages configure
2024-09-11 06:44:46 configure ncurses-base:all 6.3-2ubuntu0.1 <none>
2024-09-11 06:44:46 status unpacked ncurses-base:all 6.3-2ubuntu0.1
2024-09-11 06:44:46 status half-configured ncurses-base:all 6.3-2ubuntu0.1
2024-09-11 06:44:46 status installed ncurses-base:all 6.3-2ubuntu0.1
2024-09-11 06:44:46 startup archives unpack
2024-09-11 06:44:46 upgrade gpgv:amd64 2.2.27-3ubuntu2 2.2.27-3ubuntu2.1
2024-09-11 06:44:46 status half-configured gpgv:amd64 2.2.27-3ubuntu2
2024-09-11 06:44:46 status unpacked gpgv:amd64 2.2.27-3ubuntu2
2024-09-11 06:44:46 status half-installed gpgv:amd64 2.2.27-3ubuntu2
2024-09-11 06:44:46 status unpacked gpgv:amd64 2.2.27-3ubuntu2.1
2024-09-11 06:44:46 startup packages configure
2024-09-11 06:44:46 configure gpgv:amd64 2.2.27-3ubuntu2.1 <none>
2024-09-11 06:44:46 status unpacked gpgv:amd64 2.2.27-3ubuntu2.1
2024-09-11 06:44:46 status half-configured gpgv:amd64 2.2.27-3ubuntu2.1
2024-09-11 06:44:46 status installed gpgv:amd64 2.2.27-3ubuntu2.1
2024-09-11 06:44:46 startup archives unpack
2024-09-11 06:44:46 upgrade libgnutls30:amd64 3.7.3-4ubuntu1 3.7.3-4ubuntu1.5
2024-09-11 06:44:46 status triggers-pending libc-bin:amd64 2.35-0ubuntu3.8
2024-09-11 06:44:46 status half-configured libgnutls30:amd64 3.7.3-4ubuntu1
2024-09-11 06:44:46 status unpacked libgnutls30:amd64 3.7.3-4ubuntu1
2024-09-11 06:44:46 status half-installed libgnutls30:amd64 3.7.3-4ubuntu1
2024-09-11 06:44:46 status unpacked libgnutls30:amd64 3.7.3-4ubuntu1.5
2024-09-11 06:44:46 startup packages configure
2024-09-11 06:44:46 configure libgnutls30:amd64 3.7.3-4ubuntu1.5 <none>
2024-09-11 06:44:46 status unpacked libgnutls30:amd64 3.7.3-4ubuntu1.5
2024-09-11 06:44:46 status half-configured libgnutls30:amd64 3.7.3-4ubuntu1.5
2024-09-11 06:44:46 status installed libgnutls30:amd64 3.7.3-4ubuntu1.5
2024-09-11 06:44:46 startup archives unpack
2024-09-11 06:44:46 upgrade apt:amd64 2.4.5 2.4.13
2024-09-11 06:44:46 status half-configured apt:amd64 2.4.5
2024-09-11 06:44:46 status unpacked apt:amd64 2.4.5
2024-09-11 06:44:46 status half-installed apt:amd64 2.4.5
2024-09-11 06:44:46 status unpacked apt:amd64 2.4.13
2024-09-11 06:44:46 startup packages configure
2024-09-11 06:44:46 configure apt:amd64 2.4.13 <none>
2024-09-11 06:44:46 status unpacked apt:amd64 2.4.13
2024-09-11 06:44:46 status half-configured apt:amd64 2.4.13
2024-09-11 06:44:46 status installed apt:amd64 2.4.13
2024-09-11 06:44:46 startup archives unpack
2024-09-11 06:44:46 upgrade libpam0g:amd64 1.4.0-11ubuntu2 1.4.0-11ubuntu2.4
2024-09-11 06:44:46 status half-configured libpam0g:amd64 1.4.0-11ubuntu2
2024-09-11 06:44:46 status unpacked libpam0g:amd64 1.4.0-11ubuntu2
2024-09-11 06:44:46 status half-installed libpam0g:amd64 1.4.0-11ubuntu2
2024-09-11 06:44:46 status unpacked libpam0g:amd64 1.4.0-11ubuntu2.4
2024-09-11 06:44:46 startup packages configure
2024-09-11 06:44:46 configure libpam0g:amd64 1.4.0-11ubuntu2.4 <none>
2024-09-11 06:44:46 status unpacked libpam0g:amd64 1.4.0-11ubuntu2.4
2024-09-11 06:44:46 status half-configured libpam0g:amd64 1.4.0-11ubuntu2.4
2024-09-11 06:44:46 status installed libpam0g:amd64 1.4.0-11ubuntu2.4
2024-09-11 06:44:46 startup archives unpack
2024-09-11 06:44:46 upgrade libpam-modules-bin:amd64 1.4.0-11ubuntu2 1.4.0-11ubuntu2.4
2024-09-11 06:44:46 status half-configured libpam-modules-bin:amd64 1.4.0-11ubuntu2
2024-09-11 06:44:46 status unpacked libpam-modules-bin:amd64 1.4.0-11ubuntu2
2024-09-11 06:44:46 status half-installed libpam-modules-bin:amd64 1.4.0-11ubuntu2
2024-09-11 06:44:46 status unpacked libpam-modules-bin:amd64 1.4.0-11ubuntu2.4
2024-09-11 06:44:46 startup packages configure
2024-09-11 06:44:46 configure libpam-modules-bin:amd64 1.4.0-11ubuntu2.4 <none>
2024-09-11 06:44:46 status unpacked libpam-modules-bin:amd64 1.4.0-11ubuntu2.4
2024-09-11 06:44:46 status half-configured libpam-modules-bin:amd64 1.4.0-11ubuntu2.4
2024-09-11 06:44:46 status installed libpam-modules-bin:amd64 1.4.0-11ubuntu2.4
2024-09-11 06:44:46 startup archives unpack
2024-09-11 06:44:46 upgrade libpam-modules:amd64 1.4.0-11ubuntu2 1.4.0-11ubuntu2.4
2024-09-11 06:44:46 status half-configured libpam-modules:amd64 1.4.0-11ubuntu2
2024-09-11 06:44:47 status unpacked libpam-modules:amd64 1.4.0-11ubuntu2
2024-09-11 06:44:47 status half-installed libpam-modules:amd64 1.4.0-11ubuntu2
2024-09-11 06:44:47 status unpacked libpam-modules:amd64 1.4.0-11ubuntu2.4
2024-09-11 06:44:47 startup packages configure
2024-09-11 06:44:47 configure libpam-modules:amd64 1.4.0-11ubuntu2.4 <none>
2024-09-11 06:44:47 status unpacked libpam-modules:amd64 1.4.0-11ubuntu2.4
2024-09-11 06:44:47 status half-configured libpam-modules:amd64 1.4.0-11ubuntu2.4
2024-09-11 06:44:47 status installed libpam-modules:amd64 1.4.0-11ubuntu2.4
2024-09-11 06:44:47 startup archives unpack
2024-09-11 06:44:47 upgrade logsave:amd64 1.46.5-2ubuntu1 1.46.5-2ubuntu1.2
2024-09-11 06:44:47 status half-configured logsave:amd64 1.46.5-2ubuntu1
2024-09-11 06:44:47 status unpacked logsave:amd64 1.46.5-2ubuntu1
2024-09-11 06:44:47 status half-installed logsave:amd64 1.46.5-2ubuntu1
2024-09-11 06:44:47 status unpacked logsave:amd64 1.46.5-2ubuntu1.2
2024-09-11 06:44:47 upgrade libext2fs2:amd64 1.46.5-2ubuntu1 1.46.5-2ubuntu1.2
2024-09-11 06:44:47 status half-configured libext2fs2:amd64 1.46.5-2ubuntu1
2024-09-11 06:44:47 status unpacked libext2fs2:amd64 1.46.5-2ubuntu1
2024-09-11 06:44:47 status half-installed libext2fs2:amd64 1.46.5-2ubuntu1
2024-09-11 06:44:47 status unpacked libext2fs2:amd64 1.46.5-2ubuntu1.2
2024-09-11 06:44:47 startup packages configure
2024-09-11 06:44:47 configure libext2fs2:amd64 1.46.5-2ubuntu1.2 <none>
2024-09-11 06:44:47 status unpacked libext2fs2:amd64 1.46.5-2ubuntu1.2
2024-09-11 06:44:47 status half-configured libext2fs2:amd64 1.46.5-2ubuntu1.2
2024-09-11 06:44:47 status installed libext2fs2:amd64 1.46.5-2ubuntu1.2
2024-09-11 06:44:47 startup archives unpack
2024-09-11 06:44:47 upgrade e2fsprogs:amd64 1.46.5-2ubuntu1 1.46.5-2ubuntu1.2
2024-09-11 06:44:47 status half-configured e2fsprogs:amd64 1.46.5-2ubuntu1
2024-09-11 06:44:47 status unpacked e2fsprogs:amd64 1.46.5-2ubuntu1
2024-09-11 06:44:47 status half-installed e2fsprogs:amd64 1.46.5-2ubuntu1
2024-09-11 06:44:47 status unpacked e2fsprogs:amd64 1.46.5-2ubuntu1.2
2024-09-11 06:44:47 upgrade mount:amd64 2.37.2-4ubuntu3 2.37.2-4ubuntu3.4
2024-09-11 06:44:47 status half-configured mount:amd64 2.37.2-4ubuntu3
2024-09-11 06:44:47 status unpacked mount:amd64 2.37.2-4ubuntu3
2024-09-11 06:44:47 status half-installed mount:amd64 2.37.2-4ubuntu3
2024-09-11 06:44:47 status unpacked mount:amd64 2.37.2-4ubuntu3.4
2024-09-11 06:44:47 upgrade libblkid1:amd64 2.37.2-4ubuntu3 2.37.2-4ubuntu3.4
2024-09-11 06:44:47 status half-configured libblkid1:amd64 2.37.2-4ubuntu3
2024-09-11 06:44:47 status unpacked libblkid1:amd64 2.37.2-4ubuntu3
2024-09-11 06:44:47 status half-installed libblkid1:amd64 2.37.2-4ubuntu3
2024-09-11 06:44:47 status unpacked libblkid1:amd64 2.37.2-4ubuntu3.4
2024-09-11 06:44:47 startup packages configure
2024-09-11 06:44:47 configure libblkid1:amd64 2.37.2-4ubuntu3.4 <none>
2024-09-11 06:44:47 status unpacked libblkid1:amd64 2.37.2-4ubuntu3.4
2024-09-11 06:44:47 status half-configured libblkid1:amd64 2.37.2-4ubuntu3.4
2024-09-11 06:44:47 status installed libblkid1:amd64 2.37.2-4ubuntu3.4
2024-09-11 06:44:47 startup archives unpack
2024-09-11 06:44:47 upgrade libcap2:amd64 1:2.44-1build3 1:2.44-1ubuntu0.22.04.1
2024-09-11 06:44:47 status half-configured libcap2:amd64 1:2.44-1build3
2024-09-11 06:44:47 status unpacked libcap2:amd64 1:2.44-1build3
2024-09-11 06:44:47 status half-installed libcap2:amd64 1:2.44-1build3
2024-09-11 06:44:47 status unpacked libcap2:amd64 1:2.44-1ubuntu0.22.04.1
2024-09-11 06:44:47 startup packages configure
2024-09-11 06:44:47 configure libcap2:amd64 1:2.44-1ubuntu0.22.04.1 <none>
2024-09-11 06:44:47 status unpacked libcap2:amd64 1:2.44-1ubuntu0.22.04.1
2024-09-11 06:44:47 status half-configured libcap2:amd64 1:2.44-1ubuntu0.22.04.1
2024-09-11 06:44:47 status installed libcap2:amd64 1:2.44-1ubuntu0.22.04.1
2024-09-11 06:44:47 startup archives unpack
2024-09-11 06:44:47 upgrade libcom-err2:amd64 1.46.5-2ubuntu1 1.46.5-2ubuntu1.2
2024-09-11 06:44:47 status half-configured libcom-err2:amd64 1.46.5-2ubuntu1
2024-09-11 06:44:47 status unpacked libcom-err2:amd64 1.46.5-2ubuntu1
2024-09-11 06:44:47 status half-installed libcom-err2:amd64 1.46.5-2ubuntu1
2024-09-11 06:44:47 status unpacked libcom-err2:amd64 1.46.5-2ubuntu1.2
2024-09-11 06:44:47 startup packages configure
2024-09-11 06:44:47 configure libcom-err2:amd64 1.46.5-2ubuntu1.2 <none>
2024-09-11 06:44:47 status unpacked libcom-err2:amd64 1.46.5-2ubuntu1.2
2024-09-11 06:44:47 status half-configured libcom-err2:amd64 1.46.5-2ubuntu1.2
2024-09-11 06:44:47 status installed libcom-err2:amd64 1.46.5-2ubuntu1.2
2024-09-11 06:44:47 startup archives unpack
2024-09-11 06:44:47 upgrade libk5crypto3:amd64 1.19.2-2 1.19.2-2ubuntu0.4
2024-09-11 06:44:47 status half-configured libk5crypto3:amd64 1.19.2-2
2024-09-11 06:44:47 status unpacked libk5crypto3:amd64 1.19.2-2
2024-09-11 06:44:47 status half-installed libk5crypto3:amd64 1.19.2-2
2024-09-11 06:44:47 status unpacked libk5crypto3:amd64 1.19.2-2ubuntu0.4
2024-09-11 06:44:47 startup packages configure
2024-09-11 06:44:47 configure libk5crypto3:amd64 1.19.2-2ubuntu0.4 <none>
2024-09-11 06:44:47 status unpacked libk5crypto3:amd64 1.19.2-2ubuntu0.4
2024-09-11 06:44:47 status half-configured libk5crypto3:amd64 1.19.2-2ubuntu0.4
2024-09-11 06:44:47 status installed libk5crypto3:amd64 1.19.2-2ubuntu0.4
2024-09-11 06:44:47 startup archives unpack
2024-09-11 06:44:47 upgrade libkrb5support0:amd64 1.19.2-2 1.19.2-2ubuntu0.4
2024-09-11 06:44:47 status half-configured libkrb5support0:amd64 1.19.2-2
2024-09-11 06:44:47 status unpacked libkrb5support0:amd64 1.19.2-2
2024-09-11 06:44:47 status half-installed libkrb5support0:amd64 1.19.2-2
2024-09-11 06:44:47 status unpacked libkrb5support0:amd64 1.19.2-2ubuntu0.4
2024-09-11 06:44:47 startup packages configure
2024-09-11 06:44:47 configure libkrb5support0:amd64 1.19.2-2ubuntu0.4 <none>
2024-09-11 06:44:47 status unpacked libkrb5support0:amd64 1.19.2-2ubuntu0.4
2024-09-11 06:44:47 status half-configured libkrb5support0:amd64 1.19.2-2ubuntu0.4
2024-09-11 06:44:47 status installed libkrb5support0:amd64 1.19.2-2ubuntu0.4
2024-09-11 06:44:47 startup archives unpack
2024-09-11 06:44:47 upgrade libkrb5-3:amd64 1.19.2-2 1.19.2-2ubuntu0.4
2024-09-11 06:44:47 status half-configured libkrb5-3:amd64 1.19.2-2
2024-09-11 06:44:47 status unpacked libkrb5-3:amd64 1.19.2-2
2024-09-11 06:44:47 status half-installed libkrb5-3:amd64 1.19.2-2
2024-09-11 06:44:47 status unpacked libkrb5-3:amd64 1.19.2-2ubuntu0.4
2024-09-11 06:44:47 startup packages configure
2024-09-11 06:44:47 configure libkrb5-3:amd64 1.19.2-2ubuntu0.4 <none>
2024-09-11 06:44:47 status unpacked libkrb5-3:amd64 1.19.2-2ubuntu0.4
2024-09-11 06:44:47 status half-configured libkrb5-3:amd64 1.19.2-2ubuntu0.4
2024-09-11 06:44:47 status installed libkrb5-3:amd64 1.19.2-2ubuntu0.4
2024-09-11 06:44:47 startup archives unpack
2024-09-11 06:44:47 upgrade libgssapi-krb5-2:amd64 1.19.2-2 1.19.2-2ubuntu0.4
2024-09-11 06:44:47 status half-configured libgssapi-krb5-2:amd64 1.19.2-2
2024-09-11 06:44:47 status unpacked libgssapi-krb5-2:amd64 1.19.2-2
2024-09-11 06:44:47 status half-installed libgssapi-krb5-2:amd64 1.19.2-2
2024-09-11 06:44:47 status unpacked libgssapi-krb5-2:amd64 1.19.2-2ubuntu0.4
2024-09-11 06:44:47 startup packages configure
2024-09-11 06:44:47 configure libgssapi-krb5-2:amd64 1.19.2-2ubuntu0.4 <none>
2024-09-11 06:44:47 status unpacked libgssapi-krb5-2:amd64 1.19.2-2ubuntu0.4
2024-09-11 06:44:47 status half-configured libgssapi-krb5-2:amd64 1.19.2-2ubuntu0.4
2024-09-11 06:44:47 status installed libgssapi-krb5-2:amd64 1.19.2-2ubuntu0.4
2024-09-11 06:44:47 startup archives unpack
2024-09-11 06:44:47 upgrade libssl3:amd64 3.0.2-0ubuntu1 3.0.2-0ubuntu1.18
2024-09-11 06:44:47 status half-configured libssl3:amd64 3.0.2-0ubuntu1
2024-09-11 06:44:47 status unpacked libssl3:amd64 3.0.2-0ubuntu1
2024-09-11 06:44:47 status half-installed libssl3:amd64 3.0.2-0ubuntu1
2024-09-11 06:44:47 status unpacked libssl3:amd64 3.0.2-0ubuntu1.18
2024-09-11 06:44:47 startup packages configure
2024-09-11 06:44:47 configure libssl3:amd64 3.0.2-0ubuntu1.18 <none>
2024-09-11 06:44:47 status unpacked libssl3:amd64 3.0.2-0ubuntu1.18
2024-09-11 06:44:47 status half-configured libssl3:amd64 3.0.2-0ubuntu1.18
2024-09-11 06:44:47 status installed libssl3:amd64 3.0.2-0ubuntu1.18
2024-09-11 06:44:47 startup archives unpack
2024-09-11 06:44:48 upgrade libmount1:amd64 2.37.2-4ubuntu3 2.37.2-4ubuntu3.4
2024-09-11 06:44:48 status half-configured libmount1:amd64 2.37.2-4ubuntu3
2024-09-11 06:44:48 status unpacked libmount1:amd64 2.37.2-4ubuntu3
2024-09-11 06:44:48 status half-installed libmount1:amd64 2.37.2-4ubuntu3
2024-09-11 06:44:48 status unpacked libmount1:amd64 2.37.2-4ubuntu3.4
2024-09-11 06:44:48 startup packages configure
2024-09-11 06:44:48 configure libmount1:amd64 2.37.2-4ubuntu3.4 <none>
2024-09-11 06:44:48 status unpacked libmount1:amd64 2.37.2-4ubuntu3.4
2024-09-11 06:44:48 status half-configured libmount1:amd64 2.37.2-4ubuntu3.4
2024-09-11 06:44:48 status installed libmount1:amd64 2.37.2-4ubuntu3.4
2024-09-11 06:44:48 startup archives unpack
2024-09-11 06:44:48 upgrade libpam-runtime:all 1.4.0-11ubuntu2 1.4.0-11ubuntu2.4
2024-09-11 06:44:48 status half-configured libpam-runtime:all 1.4.0-11ubuntu2
2024-09-11 06:44:48 status unpacked libpam-runtime:all 1.4.0-11ubuntu2
2024-09-11 06:44:48 status half-installed libpam-runtime:all 1.4.0-11ubuntu2
2024-09-11 06:44:48 status unpacked libpam-runtime:all 1.4.0-11ubuntu2.4
2024-09-11 06:44:48 startup packages configure
2024-09-11 06:44:48 configure libpam-runtime:all 1.4.0-11ubuntu2.4 <none>
2024-09-11 06:44:48 status unpacked libpam-runtime:all 1.4.0-11ubuntu2.4
2024-09-11 06:44:48 status half-configured libpam-runtime:all 1.4.0-11ubuntu2.4
2024-09-11 06:44:48 status installed libpam-runtime:all 1.4.0-11ubuntu2.4
2024-09-11 06:44:48 startup archives unpack
2024-09-11 06:44:48 upgrade libpcre2-8-0:amd64 10.39-3build1 10.39-3ubuntu0.1
2024-09-11 06:44:48 status half-configured libpcre2-8-0:amd64 10.39-3build1
2024-09-11 06:44:48 status unpacked libpcre2-8-0:amd64 10.39-3build1
2024-09-11 06:44:48 status half-installed libpcre2-8-0:amd64 10.39-3build1
2024-09-11 06:44:48 status unpacked libpcre2-8-0:amd64 10.39-3ubuntu0.1
2024-09-11 06:44:48 startup packages configure
2024-09-11 06:44:48 configure libpcre2-8-0:amd64 10.39-3ubuntu0.1 <none>
2024-09-11 06:44:48 status unpacked libpcre2-8-0:amd64 10.39-3ubuntu0.1
2024-09-11 06:44:48 status half-configured libpcre2-8-0:amd64 10.39-3ubuntu0.1
2024-09-11 06:44:48 status installed libpcre2-8-0:amd64 10.39-3ubuntu0.1
2024-09-11 06:44:48 startup archives unpack
2024-09-11 06:44:48 upgrade libpcre3:amd64 2:8.39-13build5 2:8.39-13ubuntu0.22.04.1
2024-09-11 06:44:48 status half-configured libpcre3:amd64 2:8.39-13build5
2024-09-11 06:44:48 status unpacked libpcre3:amd64 2:8.39-13build5
2024-09-11 06:44:48 status half-installed libpcre3:amd64 2:8.39-13build5
2024-09-11 06:44:48 status unpacked libpcre3:amd64 2:8.39-13ubuntu0.22.04.1
2024-09-11 06:44:48 startup packages configure
2024-09-11 06:44:48 configure libpcre3:amd64 2:8.39-13ubuntu0.22.04.1 <none>
2024-09-11 06:44:48 status unpacked libpcre3:amd64 2:8.39-13ubuntu0.22.04.1
2024-09-11 06:44:48 status half-configured libpcre3:amd64 2:8.39-13ubuntu0.22.04.1
2024-09-11 06:44:48 status installed libpcre3:amd64 2:8.39-13ubuntu0.22.04.1
2024-09-11 06:44:48 startup archives unpack
2024-09-11 06:44:48 upgrade libsmartcols1:amd64 2.37.2-4ubuntu3 2.37.2-4ubuntu3.4
2024-09-11 06:44:48 status half-configured libsmartcols1:amd64 2.37.2-4ubuntu3
2024-09-11 06:44:48 status unpacked libsmartcols1:amd64 2.37.2-4ubuntu3
2024-09-11 06:44:48 status half-installed libsmartcols1:amd64 2.37.2-4ubuntu3
2024-09-11 06:44:48 status unpacked libsmartcols1:amd64 2.37.2-4ubuntu3.4
2024-09-11 06:44:48 startup packages configure
2024-09-11 06:44:48 configure libsmartcols1:amd64 2.37.2-4ubuntu3.4 <none>
2024-09-11 06:44:48 status unpacked libsmartcols1:amd64 2.37.2-4ubuntu3.4
2024-09-11 06:44:48 status half-configured libsmartcols1:amd64 2.37.2-4ubuntu3.4
2024-09-11 06:44:48 status installed libsmartcols1:amd64 2.37.2-4ubuntu3.4
2024-09-11 06:44:48 startup archives unpack
2024-09-11 06:44:48 upgrade libncursesw6:amd64 6.3-2 6.3-2ubuntu0.1
2024-09-11 06:44:48 status half-configured libncursesw6:amd64 6.3-2
2024-09-11 06:44:48 status unpacked libncursesw6:amd64 6.3-2
2024-09-11 06:44:48 status half-installed libncursesw6:amd64 6.3-2
2024-09-11 06:44:48 status unpacked libncursesw6:amd64 6.3-2ubuntu0.1
2024-09-11 06:44:48 upgrade libncurses6:amd64 6.3-2 6.3-2ubuntu0.1
2024-09-11 06:44:48 status half-configured libncurses6:amd64 6.3-2
2024-09-11 06:44:48 status unpacked libncurses6:amd64 6.3-2
2024-09-11 06:44:48 status half-installed libncurses6:amd64 6.3-2
2024-09-11 06:44:48 status unpacked libncurses6:amd64 6.3-2ubuntu0.1
2024-09-11 06:44:48 upgrade libtinfo6:amd64 6.3-2 6.3-2ubuntu0.1
2024-09-11 06:44:48 status half-configured libtinfo6:amd64 6.3-2
2024-09-11 06:44:48 status unpacked libtinfo6:amd64 6.3-2
2024-09-11 06:44:48 status half-installed libtinfo6:amd64 6.3-2
2024-09-11 06:44:48 status unpacked libtinfo6:amd64 6.3-2ubuntu0.1
2024-09-11 06:44:48 startup packages configure
2024-09-11 06:44:48 configure libtinfo6:amd64 6.3-2ubuntu0.1 <none>
2024-09-11 06:44:48 status unpacked libtinfo6:amd64 6.3-2ubuntu0.1
2024-09-11 06:44:48 status half-configured libtinfo6:amd64 6.3-2ubuntu0.1
2024-09-11 06:44:48 status installed libtinfo6:amd64 6.3-2ubuntu0.1
2024-09-11 06:44:48 startup archives unpack
2024-09-11 06:44:48 upgrade libtirpc-common:all 1.3.2-2build1 1.3.2-2ubuntu0.1
2024-09-11 06:44:48 status half-configured libtirpc-common:all 1.3.2-2build1
2024-09-11 06:44:48 status unpacked libtirpc-common:all 1.3.2-2build1
2024-09-11 06:44:48 status half-installed libtirpc-common:all 1.3.2-2build1
2024-09-11 06:44:48 status unpacked libtirpc-common:all 1.3.2-2ubuntu0.1
2024-09-11 06:44:48 startup packages configure
2024-09-11 06:44:48 configure libtirpc-common:all 1.3.2-2ubuntu0.1 <none>
2024-09-11 06:44:48 status unpacked libtirpc-common:all 1.3.2-2ubuntu0.1
2024-09-11 06:44:48 status half-configured libtirpc-common:all 1.3.2-2ubuntu0.1
2024-09-11 06:44:48 status installed libtirpc-common:all 1.3.2-2ubuntu0.1
2024-09-11 06:44:48 startup archives unpack
2024-09-11 06:44:48 upgrade libtirpc3:amd64 1.3.2-2build1 1.3.2-2ubuntu0.1
2024-09-11 06:44:48 status half-configured libtirpc3:amd64 1.3.2-2build1
2024-09-11 06:44:48 status unpacked libtirpc3:amd64 1.3.2-2build1
2024-09-11 06:44:48 status half-installed libtirpc3:amd64 1.3.2-2build1
2024-09-11 06:44:48 status unpacked libtirpc3:amd64 1.3.2-2ubuntu0.1
2024-09-11 06:44:48 startup packages configure
2024-09-11 06:44:48 configure libtirpc3:amd64 1.3.2-2ubuntu0.1 <none>
2024-09-11 06:44:48 status unpacked libtirpc3:amd64 1.3.2-2ubuntu0.1
2024-09-11 06:44:48 status half-configured libtirpc3:amd64 1.3.2-2ubuntu0.1
2024-09-11 06:44:48 status installed libtirpc3:amd64 1.3.2-2ubuntu0.1
2024-09-11 06:44:48 startup archives unpack
2024-09-11 06:44:48 upgrade libuuid1:amd64 2.37.2-4ubuntu3 2.37.2-4ubuntu3.4
2024-09-11 06:44:48 status half-configured libuuid1:amd64 2.37.2-4ubuntu3
2024-09-11 06:44:48 status unpacked libuuid1:amd64 2.37.2-4ubuntu3
2024-09-11 06:44:48 status half-installed libuuid1:amd64 2.37.2-4ubuntu3
2024-09-11 06:44:48 status unpacked libuuid1:amd64 2.37.2-4ubuntu3.4
2024-09-11 06:44:48 startup packages configure
2024-09-11 06:44:48 configure libuuid1:amd64 2.37.2-4ubuntu3.4 <none>
2024-09-11 06:44:48 status unpacked libuuid1:amd64 2.37.2-4ubuntu3.4
2024-09-11 06:44:48 status half-configured libuuid1:amd64 2.37.2-4ubuntu3.4
2024-09-11 06:44:48 status installed libuuid1:amd64 2.37.2-4ubuntu3.4
2024-09-11 06:44:48 startup archives unpack
2024-09-11 06:44:48 upgrade passwd:amd64 1:4.8.1-2ubuntu2 1:4.8.1-2ubuntu2.2
2024-09-11 06:44:48 status half-configured passwd:amd64 1:4.8.1-2ubuntu2
2024-09-11 06:44:48 status unpacked passwd:amd64 1:4.8.1-2ubuntu2
2024-09-11 06:44:48 status half-installed passwd:amd64 1:4.8.1-2ubuntu2
2024-09-11 06:44:48 status unpacked passwd:amd64 1:4.8.1-2ubuntu2.2
2024-09-11 06:44:48 startup packages configure
2024-09-11 06:44:48 configure passwd:amd64 1:4.8.1-2ubuntu2.2 <none>
2024-09-11 06:44:48 status unpacked passwd:amd64 1:4.8.1-2ubuntu2.2
2024-09-11 06:44:48 status half-configured passwd:amd64 1:4.8.1-2ubuntu2.2
2024-09-11 06:44:48 status installed passwd:amd64 1:4.8.1-2ubuntu2.2
2024-09-11 06:44:48 startup archives unpack
2024-09-11 06:44:48 upgrade libprocps8:amd64 2:3.3.17-6ubuntu2 2:3.3.17-6ubuntu2.1
2024-09-11 06:44:48 status half-configured libprocps8:amd64 2:3.3.17-6ubuntu2
2024-09-11 06:44:48 status unpacked libprocps8:amd64 2:3.3.17-6ubuntu2
2024-09-11 06:44:48 status half-installed libprocps8:amd64 2:3.3.17-6ubuntu2
2024-09-11 06:44:48 status unpacked libprocps8:amd64 2:3.3.17-6ubuntu2.1
2024-09-11 06:44:48 upgrade libss2:amd64 1.46.5-2ubuntu1 1.46.5-2ubuntu1.2
2024-09-11 06:44:48 status half-configured libss2:amd64 1.46.5-2ubuntu1
2024-09-11 06:44:48 status unpacked libss2:amd64 1.46.5-2ubuntu1
2024-09-11 06:44:48 status half-installed libss2:amd64 1.46.5-2ubuntu1
2024-09-11 06:44:48 status unpacked libss2:amd64 1.46.5-2ubuntu1.2
2024-09-11 06:44:49 upgrade procps:amd64 2:3.3.17-6ubuntu2 2:3.3.17-6ubuntu2.1
2024-09-11 06:44:49 status half-configured procps:amd64 2:3.3.17-6ubuntu2
2024-09-11 06:44:49 status unpacked procps:amd64 2:3.3.17-6ubuntu2
2024-09-11 06:44:49 status half-installed procps:amd64 2:3.3.17-6ubuntu2
2024-09-11 06:44:49 status unpacked procps:amd64 2:3.3.17-6ubuntu2.1
2024-09-11 06:44:49 startup packages configure
2024-09-11 06:44:49 configure libncurses6:amd64 6.3-2ubuntu0.1 <none>
2024-09-11 06:44:49 status unpacked libncurses6:amd64 6.3-2ubuntu0.1
2024-09-11 06:44:49 status half-configured libncurses6:amd64 6.3-2ubuntu0.1
2024-09-11 06:44:49 status installed libncurses6:amd64 6.3-2ubuntu0.1
2024-09-11 06:44:49 configure libss2:amd64 1.46.5-2ubuntu1.2 <none>
2024-09-11 06:44:49 status unpacked libss2:amd64 1.46.5-2ubuntu1.2
2024-09-11 06:44:49 status half-configured libss2:amd64 1.46.5-2ubuntu1.2
2024-09-11 06:44:49 status installed libss2:amd64 1.46.5-2ubuntu1.2
2024-09-11 06:44:49 configure libncursesw6:amd64 6.3-2ubuntu0.1 <none>
2024-09-11 06:44:49 status unpacked libncursesw6:amd64 6.3-2ubuntu0.1
2024-09-11 06:44:49 status half-configured libncursesw6:amd64 6.3-2ubuntu0.1
2024-09-11 06:44:49 status installed libncursesw6:amd64 6.3-2ubuntu0.1
2024-09-11 06:44:49 configure logsave:amd64 1.46.5-2ubuntu1.2 <none>
2024-09-11 06:44:49 status unpacked logsave:amd64 1.46.5-2ubuntu1.2
2024-09-11 06:44:49 status half-configured logsave:amd64 1.46.5-2ubuntu1.2
2024-09-11 06:44:49 status installed logsave:amd64 1.46.5-2ubuntu1.2
2024-09-11 06:44:49 configure mount:amd64 2.37.2-4ubuntu3.4 <none>
2024-09-11 06:44:49 status unpacked mount:amd64 2.37.2-4ubuntu3.4
2024-09-11 06:44:49 status half-configured mount:amd64 2.37.2-4ubuntu3.4
2024-09-11 06:44:49 status installed mount:amd64 2.37.2-4ubuntu3.4
2024-09-11 06:44:49 configure libprocps8:amd64 2:3.3.17-6ubuntu2.1 <none>
2024-09-11 06:44:49 status unpacked libprocps8:amd64 2:3.3.17-6ubuntu2.1
2024-09-11 06:44:49 status half-configured libprocps8:amd64 2:3.3.17-6ubuntu2.1
2024-09-11 06:44:49 status installed libprocps8:amd64 2:3.3.17-6ubuntu2.1
2024-09-11 06:44:49 configure e2fsprogs:amd64 1.46.5-2ubuntu1.2 <none>
2024-09-11 06:44:49 status unpacked e2fsprogs:amd64 1.46.5-2ubuntu1.2
2024-09-11 06:44:49 status half-configured e2fsprogs:amd64 1.46.5-2ubuntu1.2
2024-09-11 06:44:49 status installed e2fsprogs:amd64 1.46.5-2ubuntu1.2
2024-09-11 06:44:49 configure procps:amd64 2:3.3.17-6ubuntu2.1 <none>
2024-09-11 06:44:49 status unpacked procps:amd64 2:3.3.17-6ubuntu2.1
2024-09-11 06:44:49 status half-configured procps:amd64 2:3.3.17-6ubuntu2.1
2024-09-11 06:44:49 status installed procps:amd64 2:3.3.17-6ubuntu2.1
2024-09-11 06:44:49 trigproc libc-bin:amd64 2.35-0ubuntu3.8 <none>
2024-09-11 06:44:49 status half-configured libc-bin:amd64 2.35-0ubuntu3.8
2024-09-11 06:44:49 status installed libc-bin:amd64 2.35-0ubuntu3.8
2025-10-20 03:39:12 startup archives unpack
2025-10-20 03:39:12 install openssl:amd64 <none> 3.0.2-0ubuntu1.20
2025-10-20 03:39:12 status half-installed openssl:amd64 3.0.2-0ubuntu1.20
2025-10-20 03:39:12 status unpacked openssl:amd64 3.0.2-0ubuntu1.20
2025-10-20 03:39:12 install ca-certificates:all <none> 20240203~22.04.1
2025-10-20 03:39:12 status half-installed ca-certificates:all 20240203~22.04.1
2025-10-20 03:39:13 status unpacked ca-certificates:all 20240203~22.04.1
2025-10-20 03:39:13 install libcap2-bin:amd64 <none> 1:2.44-1ubuntu0.22.04.2
2025-10-20 03:39:13 status half-installed libcap2-bin:amd64 1:2.44-1ubuntu0.22.04.2
2025-10-20 03:39:13 status unpacked libcap2-bin:amd64 1:2.44-1ubuntu0.22.04.2
2025-10-20 03:39:13 install iputils-ping:amd64 <none> 3:20211215-1ubuntu0.1
2025-10-20 03:39:13 status half-installed iputils-ping:amd64 3:20211215-1ubuntu0.1
2025-10-20 03:39:13 status unpacked iputils-ping:amd64 3:20211215-1ubuntu0.1
2025-10-20 03:39:13 install less:amd64 <none> 590-1ubuntu0.22.04.3
2025-10-20 03:39:13 status half-installed less:amd64 590-1ubuntu0.22.04.3
2025-10-20 03:39:13 status unpacked less:amd64 590-1ubuntu0.22.04.3
2025-10-20 03:39:13 install libexpat1:amd64 <none> 2.4.7-1ubuntu0.6
2025-10-20 03:39:13 status triggers-pending libc-bin:amd64 2.35-0ubuntu3.8
2025-10-20 03:39:13 status half-installed libexpat1:amd64 2.4.7-1ubuntu0.6
2025-10-20 03:39:13 status unpacked libexpat1:amd64 2.4.7-1ubuntu0.6
2025-10-20 03:39:13 install libmpdec3:amd64 <none> 2.5.1-2build2
2025-10-20 03:39:13 status half-installed libmpdec3:amd64 2.5.1-2build2
2025-10-20 03:39:13 status unpacked libmpdec3:amd64 2.5.1-2build2
2025-10-20 03:39:13 install libpam-cap:amd64 <none> 1:2.44-1ubuntu0.22.04.2
2025-10-20 03:39:13 status half-installed libpam-cap:amd64 1:2.44-1ubuntu0.22.04.2
2025-10-20 03:39:14 status unpacked libpam-cap:amd64 1:2.44-1ubuntu0.22.04.2
2025-10-20 03:39:14 install libpython3.10-minimal:amd64 <none> 3.10.12-1~22.04.11
2025-10-20 03:39:14 status half-installed libpython3.10-minimal:amd64 3.10.12-1~22.04.11
2025-10-20 03:39:14 status unpacked libpython3.10-minimal:amd64 3.10.12-1~22.04.11
2025-10-20 03:39:14 install media-types:all <none> 7.0.0
2025-10-20 03:39:14 status half-installed media-types:all 7.0.0
2025-10-20 03:39:14 status unpacked media-types:all 7.0.0
2025-10-20 03:39:14 install readline-common:all <none> 8.1.2-1
2025-10-20 03:39:14 status half-installed readline-common:all 8.1.2-1
2025-10-20 03:39:15 status unpacked readline-common:all 8.1.2-1
2025-10-20 03:39:15 install libreadline8:amd64 <none> 8.1.2-1
2025-10-20 03:39:15 status half-installed libreadline8:amd64 8.1.2-1
2025-10-20 03:39:15 status unpacked libreadline8:amd64 8.1.2-1
2025-10-20 03:39:15 install libsqlite3-0:amd64 <none> 3.37.2-2ubuntu0.5
2025-10-20 03:39:15 status half-installed libsqlite3-0:amd64 3.37.2-2ubuntu0.5
2025-10-20 03:39:15 status unpacked libsqlite3-0:amd64 3.37.2-2ubuntu0.5
2025-10-20 03:39:15 install libpython3.10-stdlib:amd64 <none> 3.10.12-1~22.04.11
2025-10-20 03:39:15 status half-installed libpython3.10-stdlib:amd64 3.10.12-1~22.04.11
2025-10-20 03:39:16 status unpacked libpython3.10-stdlib:amd64 3.10.12-1~22.04.11
2025-10-20 03:39:16 install xxd:amd64 <none> 2:8.2.3995-1ubuntu2.24
2025-10-20 03:39:16 status half-installed xxd:amd64 2:8.2.3995-1ubuntu2.24
2025-10-20 03:39:16 status unpacked xxd:amd64 2:8.2.3995-1ubuntu2.24
2025-10-20 03:39:16 install vim-common:all <none> 2:8.2.3995-1ubuntu2.24
2025-10-20 03:39:16 status half-installed vim-common:all 2:8.2.3995-1ubuntu2.24
2025-10-20 03:39:16 status unpacked vim-common:all 2:8.2.3995-1ubuntu2.24
2025-10-20 03:39:16 install vim-tiny:amd64 <none> 2:8.2.3995-1ubuntu2.24
2025-10-20 03:39:16 status half-installed vim-tiny:amd64 2:8.2.3995-1ubuntu2.24
2025-10-20 03:39:16 status unpacked vim-tiny:amd64 2:8.2.3995-1ubuntu2.24
2025-10-20 03:39:16 install libnghttp2-14:amd64 <none> 1.43.0-1ubuntu0.2
2025-10-20 03:39:16 status half-installed libnghttp2-14:amd64 1.43.0-1ubuntu0.2
2025-10-20 03:39:16 status unpacked libnghttp2-14:amd64 1.43.0-1ubuntu0.2
2025-10-20 03:39:16 install libpsl5:amd64 <none> 0.21.0-1.2build2
2025-10-20 03:39:16 status half-installed libpsl5:amd64 0.21.0-1.2build2
2025-10-20 03:39:16 status unpacked libpsl5:amd64 0.21.0-1.2build2
2025-10-20 03:39:16 install nano:amd64 <none> 6.2-1ubuntu0.1
2025-10-20 03:39:16 status half-installed nano:amd64 6.2-1ubuntu0.1
2025-10-20 03:39:17 status unpacked nano:amd64 6.2-1ubuntu0.1
2025-10-20 03:39:17 install publicsuffix:all <none> 20211207.1025-1
2025-10-20 03:39:17 status half-installed publicsuffix:all 20211207.1025-1
2025-10-20 03:39:17 status unpacked publicsuffix:all 20211207.1025-1
2025-10-20 03:39:17 install wget:amd64 <none> 1.21.2-2ubuntu1.1
2025-10-20 03:39:17 status half-installed wget:amd64 1.21.2-2ubuntu1.1
2025-10-20 03:39:17 status unpacked wget:amd64 1.21.2-2ubuntu1.1
2025-10-20 03:39:17 install libbrotli1:amd64 <none> 1.0.9-2build6
2025-10-20 03:39:17 status half-installed libbrotli1:amd64 1.0.9-2build6
2025-10-20 03:39:17 status unpacked libbrotli1:amd64 1.0.9-2build6
2025-10-20 03:39:17 install libsasl2-modules-db:amd64 <none> 2.1.27+dfsg2-3ubuntu1.2
2025-10-20 03:39:17 status half-installed libsasl2-modules-db:amd64 2.1.27+dfsg2-3ubuntu1.2
2025-10-20 03:39:17 status unpacked libsasl2-modules-db:amd64 2.1.27+dfsg2-3ubuntu1.2
2025-10-20 03:39:17 install libsasl2-2:amd64 <none> 2.1.27+dfsg2-3ubuntu1.2
2025-10-20 03:39:17 status half-installed libsasl2-2:amd64 2.1.27+dfsg2-3ubuntu1.2
2025-10-20 03:39:17 status unpacked libsasl2-2:amd64 2.1.27+dfsg2-3ubuntu1.2
2025-10-20 03:39:17 install libldap-2.5-0:amd64 <none> 2.5.19+dfsg-0ubuntu0.22.04.1
2025-10-20 03:39:17 status half-installed libldap-2.5-0:amd64 2.5.19+dfsg-0ubuntu0.22.04.1
2025-10-20 03:39:17 status unpacked libldap-2.5-0:amd64 2.5.19+dfsg-0ubuntu0.22.04.1
2025-10-20 03:39:17 install librtmp1:amd64 <none> 2.4+20151223.gitfa8646d.1-2build4
2025-10-20 03:39:17 status half-installed librtmp1:amd64 2.4+20151223.gitfa8646d.1-2build4
2025-10-20 03:39:18 status unpacked librtmp1:amd64 2.4+20151223.gitfa8646d.1-2build4
2025-10-20 03:39:18 install libssh-4:amd64 <none> 0.9.6-2ubuntu0.22.04.4
2025-10-20 03:39:18 status half-installed libssh-4:amd64 0.9.6-2ubuntu0.22.04.4
2025-10-20 03:39:18 status unpacked libssh-4:amd64 0.9.6-2ubuntu0.22.04.4
2025-10-20 03:39:18 install libcurl4:amd64 <none> 7.81.0-1ubuntu1.21
2025-10-20 03:39:18 status half-installed libcurl4:amd64 7.81.0-1ubuntu1.21
2025-10-20 03:39:18 status unpacked libcurl4:amd64 7.81.0-1ubuntu1.21
2025-10-20 03:39:18 install curl:amd64 <none> 7.81.0-1ubuntu1.21
2025-10-20 03:39:18 status half-installed curl:amd64 7.81.0-1ubuntu1.21
2025-10-20 03:39:18 status unpacked curl:amd64 7.81.0-1ubuntu1.21
2025-10-20 03:39:18 install libgpm2:amd64 <none> 1.20.7-10build1
2025-10-20 03:39:18 status half-installed libgpm2:amd64 1.20.7-10build1
2025-10-20 03:39:18 status unpacked libgpm2:amd64 1.20.7-10build1
2025-10-20 03:39:18 install libldap-common:all <none> 2.5.19+dfsg-0ubuntu0.22.04.1
2025-10-20 03:39:18 status half-installed libldap-common:all 2.5.19+dfsg-0ubuntu0.22.04.1
2025-10-20 03:39:18 status unpacked libldap-common:all 2.5.19+dfsg-0ubuntu0.22.04.1
2025-10-20 03:39:18 install libpython3.10:amd64 <none> 3.10.12-1~22.04.11
2025-10-20 03:39:18 status half-installed libpython3.10:amd64 3.10.12-1~22.04.11
2025-10-20 03:39:18 status unpacked libpython3.10:amd64 3.10.12-1~22.04.11
2025-10-20 03:39:19 install libsasl2-modules:amd64 <none> 2.1.27+dfsg2-3ubuntu1.2
2025-10-20 03:39:19 status half-installed libsasl2-modules:amd64 2.1.27+dfsg2-3ubuntu1.2
2025-10-20 03:39:19 status unpacked libsasl2-modules:amd64 2.1.27+dfsg2-3ubuntu1.2
2025-10-20 03:39:19 install libsodium23:amd64 <none> 1.0.18-1build2
2025-10-20 03:39:19 status half-installed libsodium23:amd64 1.0.18-1build2
2025-10-20 03:39:19 status unpacked libsodium23:amd64 1.0.18-1build2
2025-10-20 03:39:19 install net-tools:amd64 <none> 1.60+git20181103.0eebece-1ubuntu5.4
2025-10-20 03:39:19 status half-installed net-tools:amd64 1.60+git20181103.0eebece-1ubuntu5.4
2025-10-20 03:39:19 status unpacked net-tools:amd64 1.60+git20181103.0eebece-1ubuntu5.4
2025-10-20 03:39:19 install vim-runtime:all <none> 2:8.2.3995-1ubuntu2.24
2025-10-20 03:39:19 status half-installed vim-runtime:all 2:8.2.3995-1ubuntu2.24
2025-10-20 03:39:23 status unpacked vim-runtime:all 2:8.2.3995-1ubuntu2.24
2025-10-20 03:39:23 install vim:amd64 <none> 2:8.2.3995-1ubuntu2.24
2025-10-20 03:39:23 status half-installed vim:amd64 2:8.2.3995-1ubuntu2.24
2025-10-20 03:39:23 status unpacked vim:amd64 2:8.2.3995-1ubuntu2.24
2025-10-20 03:39:23 startup packages configure
2025-10-20 03:39:23 configure libexpat1:amd64 2.4.7-1ubuntu0.6 <none>
2025-10-20 03:39:23 status unpacked libexpat1:amd64 2.4.7-1ubuntu0.6
2025-10-20 03:39:23 status half-configured libexpat1:amd64 2.4.7-1ubuntu0.6
2025-10-20 03:39:23 status installed libexpat1:amd64 2.4.7-1ubuntu0.6
2025-10-20 03:39:23 configure media-types:all 7.0.0 <none>
2025-10-20 03:39:23 status unpacked media-types:all 7.0.0
2025-10-20 03:39:23 status half-configured media-types:all 7.0.0
2025-10-20 03:39:23 status installed media-types:all 7.0.0
2025-10-20 03:39:23 configure net-tools:amd64 1.60+git20181103.0eebece-1ubuntu5.4 <none>
2025-10-20 03:39:23 status unpacked net-tools:amd64 1.60+git20181103.0eebece-1ubuntu5.4
2025-10-20 03:39:23 status half-configured net-tools:amd64 1.60+git20181103.0eebece-1ubuntu5.4
2025-10-20 03:39:23 status installed net-tools:amd64 1.60+git20181103.0eebece-1ubuntu5.4
2025-10-20 03:39:23 configure libpsl5:amd64 0.21.0-1.2build2 <none>
2025-10-20 03:39:23 status unpacked libpsl5:amd64 0.21.0-1.2build2
2025-10-20 03:39:23 status half-configured libpsl5:amd64 0.21.0-1.2build2
2025-10-20 03:39:24 status installed libpsl5:amd64 0.21.0-1.2build2
2025-10-20 03:39:24 configure libsodium23:amd64 1.0.18-1build2 <none>
2025-10-20 03:39:24 status unpacked libsodium23:amd64 1.0.18-1build2
2025-10-20 03:39:24 status half-configured libsodium23:amd64 1.0.18-1build2
2025-10-20 03:39:24 status installed libsodium23:amd64 1.0.18-1build2
2025-10-20 03:39:24 configure libgpm2:amd64 1.20.7-10build1 <none>
2025-10-20 03:39:24 status unpacked libgpm2:amd64 1.20.7-10build1
2025-10-20 03:39:24 status half-configured libgpm2:amd64 1.20.7-10build1
2025-10-20 03:39:24 status installed libgpm2:amd64 1.20.7-10build1
2025-10-20 03:39:24 configure wget:amd64 1.21.2-2ubuntu1.1 <none>
2025-10-20 03:39:24 status unpacked wget:amd64 1.21.2-2ubuntu1.1
2025-10-20 03:39:24 status half-configured wget:amd64 1.21.2-2ubuntu1.1
2025-10-20 03:39:24 status installed wget:amd64 1.21.2-2ubuntu1.1
2025-10-20 03:39:24 configure libbrotli1:amd64 1.0.9-2build6 <none>
2025-10-20 03:39:24 status unpacked libbrotli1:amd64 1.0.9-2build6
2025-10-20 03:39:24 status half-configured libbrotli1:amd64 1.0.9-2build6
2025-10-20 03:39:24 status installed libbrotli1:amd64 1.0.9-2build6
2025-10-20 03:39:24 configure libsqlite3-0:amd64 3.37.2-2ubuntu0.5 <none>
2025-10-20 03:39:24 status unpacked libsqlite3-0:amd64 3.37.2-2ubuntu0.5
2025-10-20 03:39:24 status half-configured libsqlite3-0:amd64 3.37.2-2ubuntu0.5
2025-10-20 03:39:24 status installed libsqlite3-0:amd64 3.37.2-2ubuntu0.5
2025-10-20 03:39:24 configure libsasl2-modules:amd64 2.1.27+dfsg2-3ubuntu1.2 <none>
2025-10-20 03:39:24 status unpacked libsasl2-modules:amd64 2.1.27+dfsg2-3ubuntu1.2
2025-10-20 03:39:24 status half-configured libsasl2-modules:amd64 2.1.27+dfsg2-3ubuntu1.2
2025-10-20 03:39:24 status installed libsasl2-modules:amd64 2.1.27+dfsg2-3ubuntu1.2
2025-10-20 03:39:24 configure libnghttp2-14:amd64 1.43.0-1ubuntu0.2 <none>
2025-10-20 03:39:24 status unpacked libnghttp2-14:amd64 1.43.0-1ubuntu0.2
2025-10-20 03:39:24 status half-configured libnghttp2-14:amd64 1.43.0-1ubuntu0.2
2025-10-20 03:39:24 status installed libnghttp2-14:amd64 1.43.0-1ubuntu0.2
2025-10-20 03:39:24 configure less:amd64 590-1ubuntu0.22.04.3 <none>
2025-10-20 03:39:24 status unpacked less:amd64 590-1ubuntu0.22.04.3
2025-10-20 03:39:24 status half-configured less:amd64 590-1ubuntu0.22.04.3
2025-10-20 03:39:24 status installed less:amd64 590-1ubuntu0.22.04.3
2025-10-20 03:39:24 configure libldap-common:all 2.5.19+dfsg-0ubuntu0.22.04.1 <none>
2025-10-20 03:39:24 status unpacked libldap-common:all 2.5.19+dfsg-0ubuntu0.22.04.1
2025-10-20 03:39:24 status half-configured libldap-common:all 2.5.19+dfsg-0ubuntu0.22.04.1
2025-10-20 03:39:24 status installed libldap-common:all 2.5.19+dfsg-0ubuntu0.22.04.1
2025-10-20 03:39:24 configure xxd:amd64 2:8.2.3995-1ubuntu2.24 <none>
2025-10-20 03:39:24 status unpacked xxd:amd64 2:8.2.3995-1ubuntu2.24
2025-10-20 03:39:24 status half-configured xxd:amd64 2:8.2.3995-1ubuntu2.24
2025-10-20 03:39:24 status installed xxd:amd64 2:8.2.3995-1ubuntu2.24
2025-10-20 03:39:24 configure libsasl2-modules-db:amd64 2.1.27+dfsg2-3ubuntu1.2 <none>
2025-10-20 03:39:24 status unpacked libsasl2-modules-db:amd64 2.1.27+dfsg2-3ubuntu1.2
2025-10-20 03:39:24 status half-configured libsasl2-modules-db:amd64 2.1.27+dfsg2-3ubuntu1.2
2025-10-20 03:39:24 status installed libsasl2-modules-db:amd64 2.1.27+dfsg2-3ubuntu1.2
2025-10-20 03:39:24 configure libcap2-bin:amd64 1:2.44-1ubuntu0.22.04.2 <none>
2025-10-20 03:39:24 status unpacked libcap2-bin:amd64 1:2.44-1ubuntu0.22.04.2
2025-10-20 03:39:24 status half-configured libcap2-bin:amd64 1:2.44-1ubuntu0.22.04.2
2025-10-20 03:39:24 status installed libcap2-bin:amd64 1:2.44-1ubuntu0.22.04.2
2025-10-20 03:39:24 configure vim-common:all 2:8.2.3995-1ubuntu2.24 <none>
2025-10-20 03:39:24 status unpacked vim-common:all 2:8.2.3995-1ubuntu2.24
2025-10-20 03:39:24 status half-configured vim-common:all 2:8.2.3995-1ubuntu2.24
2025-10-20 03:39:24 status installed vim-common:all 2:8.2.3995-1ubuntu2.24
2025-10-20 03:39:24 configure librtmp1:amd64 2.4+20151223.gitfa8646d.1-2build4 <none>
2025-10-20 03:39:24 status unpacked librtmp1:amd64 2.4+20151223.gitfa8646d.1-2build4
2025-10-20 03:39:24 status half-configured librtmp1:amd64 2.4+20151223.gitfa8646d.1-2build4
2025-10-20 03:39:24 status installed librtmp1:amd64 2.4+20151223.gitfa8646d.1-2build4
2025-10-20 03:39:24 configure libpython3.10-minimal:amd64 3.10.12-1~22.04.11 <none>
2025-10-20 03:39:24 status unpacked libpython3.10-minimal:amd64 3.10.12-1~22.04.11
2025-10-20 03:39:24 status half-configured libpython3.10-minimal:amd64 3.10.12-1~22.04.11
2025-10-20 03:39:24 status installed libpython3.10-minimal:amd64 3.10.12-1~22.04.11
2025-10-20 03:39:24 configure libsasl2-2:amd64 2.1.27+dfsg2-3ubuntu1.2 <none>
2025-10-20 03:39:24 status unpacked libsasl2-2:amd64 2.1.27+dfsg2-3ubuntu1.2
2025-10-20 03:39:24 status half-configured libsasl2-2:amd64 2.1.27+dfsg2-3ubuntu1.2
2025-10-20 03:39:24 status installed libsasl2-2:amd64 2.1.27+dfsg2-3ubuntu1.2
2025-10-20 03:39:24 configure libssh-4:amd64 0.9.6-2ubuntu0.22.04.4 <none>
2025-10-20 03:39:24 status unpacked libssh-4:amd64 0.9.6-2ubuntu0.22.04.4
2025-10-20 03:39:24 status half-configured libssh-4:amd64 0.9.6-2ubuntu0.22.04.4
2025-10-20 03:39:24 status installed libssh-4:amd64 0.9.6-2ubuntu0.22.04.4
2025-10-20 03:39:24 configure nano:amd64 6.2-1ubuntu0.1 <none>
2025-10-20 03:39:24 status unpacked nano:amd64 6.2-1ubuntu0.1
2025-10-20 03:39:24 status half-configured nano:amd64 6.2-1ubuntu0.1
2025-10-20 03:39:24 status installed nano:amd64 6.2-1ubuntu0.1
2025-10-20 03:39:24 configure libmpdec3:amd64 2.5.1-2build2 <none>
2025-10-20 03:39:24 status unpacked libmpdec3:amd64 2.5.1-2build2
2025-10-20 03:39:24 status half-configured libmpdec3:amd64 2.5.1-2build2
2025-10-20 03:39:24 status installed libmpdec3:amd64 2.5.1-2build2
2025-10-20 03:39:24 configure vim-runtime:all 2:8.2.3995-1ubuntu2.24 <none>
2025-10-20 03:39:24 status unpacked vim-runtime:all 2:8.2.3995-1ubuntu2.24
2025-10-20 03:39:25 status half-configured vim-runtime:all 2:8.2.3995-1ubuntu2.24
2025-10-20 03:39:25 status installed vim-runtime:all 2:8.2.3995-1ubuntu2.24
2025-10-20 03:39:25 configure openssl:amd64 3.0.2-0ubuntu1.20 <none>
2025-10-20 03:39:25 status unpacked openssl:amd64 3.0.2-0ubuntu1.20
2025-10-20 03:39:25 status half-configured openssl:amd64 3.0.2-0ubuntu1.20
2025-10-20 03:39:25 status installed openssl:amd64 3.0.2-0ubuntu1.20
2025-10-20 03:39:25 configure libpam-cap:amd64 1:2.44-1ubuntu0.22.04.2 <none>
2025-10-20 03:39:25 status unpacked libpam-cap:amd64 1:2.44-1ubuntu0.22.04.2
2025-10-20 03:39:25 status half-configured libpam-cap:amd64 1:2.44-1ubuntu0.22.04.2
2025-10-20 03:39:25 status installed libpam-cap:amd64 1:2.44-1ubuntu0.22.04.2
2025-10-20 03:39:25 configure iputils-ping:amd64 3:20211215-1ubuntu0.1 <none>
2025-10-20 03:39:25 status unpacked iputils-ping:amd64 3:20211215-1ubuntu0.1
2025-10-20 03:39:25 status half-configured iputils-ping:amd64 3:20211215-1ubuntu0.1
2025-10-20 03:39:25 status installed iputils-ping:amd64 3:20211215-1ubuntu0.1
2025-10-20 03:39:25 configure readline-common:all 8.1.2-1 <none>
2025-10-20 03:39:25 status unpacked readline-common:all 8.1.2-1
2025-10-20 03:39:25 status half-configured readline-common:all 8.1.2-1
2025-10-20 03:39:25 status installed readline-common:all 8.1.2-1
2025-10-20 03:39:25 configure publicsuffix:all 20211207.1025-1 <none>
2025-10-20 03:39:25 status unpacked publicsuffix:all 20211207.1025-1
2025-10-20 03:39:25 status half-configured publicsuffix:all 20211207.1025-1
2025-10-20 03:39:25 status installed publicsuffix:all 20211207.1025-1
2025-10-20 03:39:25 configure libreadline8:amd64 8.1.2-1 <none>
2025-10-20 03:39:25 status unpacked libreadline8:amd64 8.1.2-1
2025-10-20 03:39:25 status half-configured libreadline8:amd64 8.1.2-1
2025-10-20 03:39:25 status installed libreadline8:amd64 8.1.2-1
2025-10-20 03:39:25 configure vim-tiny:amd64 2:8.2.3995-1ubuntu2.24 <none>
2025-10-20 03:39:25 status unpacked vim-tiny:amd64 2:8.2.3995-1ubuntu2.24
2025-10-20 03:39:25 status half-configured vim-tiny:amd64 2:8.2.3995-1ubuntu2.24
2025-10-20 03:39:25 status installed vim-tiny:amd64 2:8.2.3995-1ubuntu2.24
2025-10-20 03:39:25 configure libldap-2.5-0:amd64 2.5.19+dfsg-0ubuntu0.22.04.1 <none>
2025-10-20 03:39:25 status unpacked libldap-2.5-0:amd64 2.5.19+dfsg-0ubuntu0.22.04.1
2025-10-20 03:39:25 status half-configured libldap-2.5-0:amd64 2.5.19+dfsg-0ubuntu0.22.04.1
2025-10-20 03:39:25 status installed libldap-2.5-0:amd64 2.5.19+dfsg-0ubuntu0.22.04.1
2025-10-20 03:39:25 configure libpython3.10-stdlib:amd64 3.10.12-1~22.04.11 <none>
2025-10-20 03:39:25 status unpacked libpython3.10-stdlib:amd64 3.10.12-1~22.04.11
2025-10-20 03:39:25 status half-configured libpython3.10-stdlib:amd64 3.10.12-1~22.04.11
2025-10-20 03:39:25 status installed libpython3.10-stdlib:amd64 3.10.12-1~22.04.11
2025-10-20 03:39:25 configure ca-certificates:all 20240203~22.04.1 <none>
2025-10-20 03:39:25 status unpacked ca-certificates:all 20240203~22.04.1
2025-10-20 03:39:25 status half-configured ca-certificates:all 20240203~22.04.1
2025-10-20 03:39:27 status installed ca-certificates:all 20240203~22.04.1
2025-10-20 03:39:27 status triggers-pending ca-certificates:all 20240203~22.04.1
2025-10-20 03:39:27 configure libcurl4:amd64 7.81.0-1ubuntu1.21 <none>
2025-10-20 03:39:27 status unpacked libcurl4:amd64 7.81.0-1ubuntu1.21
2025-10-20 03:39:27 status half-configured libcurl4:amd64 7.81.0-1ubuntu1.21
2025-10-20 03:39:27 status installed libcurl4:amd64 7.81.0-1ubuntu1.21
2025-10-20 03:39:27 configure curl:amd64 7.81.0-1ubuntu1.21 <none>
2025-10-20 03:39:27 status unpacked curl:amd64 7.81.0-1ubuntu1.21
2025-10-20 03:39:27 status half-configured curl:amd64 7.81.0-1ubuntu1.21
2025-10-20 03:39:27 status installed curl:amd64 7.81.0-1ubuntu1.21
2025-10-20 03:39:27 configure libpython3.10:amd64 3.10.12-1~22.04.11 <none>
2025-10-20 03:39:27 status unpacked libpython3.10:amd64 3.10.12-1~22.04.11
2025-10-20 03:39:27 status half-configured libpython3.10:amd64 3.10.12-1~22.04.11
2025-10-20 03:39:27 status installed libpython3.10:amd64 3.10.12-1~22.04.11
2025-10-20 03:39:27 configure vim:amd64 2:8.2.3995-1ubuntu2.24 <none>
2025-10-20 03:39:27 status unpacked vim:amd64 2:8.2.3995-1ubuntu2.24
2025-10-20 03:39:27 status half-configured vim:amd64 2:8.2.3995-1ubuntu2.24
2025-10-20 03:39:27 status installed vim:amd64 2:8.2.3995-1ubuntu2.24
2025-10-20 03:39:27 trigproc libc-bin:amd64 2.35-0ubuntu3.8 <none>
2025-10-20 03:39:27 status half-configured libc-bin:amd64 2.35-0ubuntu3.8
2025-10-20 03:39:27 status installed libc-bin:amd64 2.35-0ubuntu3.8
2025-10-20 03:39:27 trigproc ca-certificates:all 20240203~22.04.1 <none>
2025-10-20 03:39:27 status half-configured ca-certificates:all 20240203~22.04.1
2025-10-20 03:39:28 status installed ca-certificates:all 20240203~22.04.1
